Dolphin.ID,Birth.Date,Death.Date,Sex,total.num.sightings,gap,time,event,trunc.time,first.sight.date,last.sight.date
1,2003-10-11,2003-10-12,Unknown,1,NA,0.002737851,1,0,2003-10-12,2003-10-12
2,2009-08-03,2009-08-04,Unknown,1,NA,0.002737851,1,0,2009-08-03,2009-08-03
3,2008-12-20,2008-12-22,Unknown,0,NA,0.005475702,1,0,NA,NA
4,2017-04-21,2017-04-23,Unknown,0,NA,0.005475702,1,0,NA,NA
5,2015-12-11,2015-12-14,Unknown,0,NA,0.008213552,1,0,NA,NA
6,1990-03-02,1990-03-07,Unknown,0,NA,0.013689254,1,0,NA,NA
7,2014-12-12,2014-12-20,Unknown,0,NA,0.021902806,1,0,NA,NA
8,2004-11-15,2004-11-29,Unknown,1,NA,0.038329911,1,0,2004-11-21,2004-11-21
9,2015-12-10,2015-12-26,Unknown,0,NA,0.043805613,1,0,NA,NA
10,1990-02-01,1990-02-18,Unknown,0,NA,0.046543463,1,0,NA,NA
11,2017-11-02,2017-11-19,Unknown,3,0.013689254,0.046543463,1,0,2017-11-07,2017-11-15
12,1996-12-01,1996-12-20,Unknown,1,NA,0.052019165,1,0,1996-12-17,1996-12-17
13,1989-01-10,1989-01-30,Unknown,0,NA,0.054757016,1,0,NA,NA
14,2019-11-01,2019-11-24,Unknown,0,NA,0.062970568,1,0,NA,NA
15,2014-12-09,2015-01-06,Unknown,1,NA,0.076659822,1,0,2014-12-10,2014-12-10
16,2019-12-01,NA,Unknown,0,NA,0.084873374,0,0,NA,NA
17,1991-05-18,1991-06-28,Male,8,0.024640657,0.112251882,1,0,1991-05-19,1991-06-23
18,2019-11-20,2021-04-26,Male,2,0.005475702,0.114989733,0,0,2019-12-02,2019-12-04
19,1988-12-11,1989-01-22,Male,1,NA,0.114989733,1,0,1988-12-11,1988-12-11
20,2000-11-23,2001-01-11,Unknown,2,0.021902806,0.134154689,1,0,2000-11-23,2000-12-01
21,1990-11-01,1990-12-23,Unknown,7,0.046543463,0.142368241,1,0,1990-11-11,1990-12-14
22,2019-11-01,NA,Unknown,0,NA,0.167008898,0,0,NA,NA
23,2019-11-01,NA,Unknown,0,NA,0.167008898,0,0,NA,NA
24,2019-11-01,NA,Unknown,0,NA,0.167008898,0,0,NA,NA
25,1997-11-01,1998-01-02,Unknown,1,NA,0.169746749,1,0,1997-12-10,1997-12-10
26,1999-11-03,2000-01-04,Unknown,0,NA,0.169746749,1,0,NA,NA
27,2019-02-06,2019-04-09,Unknown,0,NA,0.169746749,1,0,NA,NA
28,2015-11-08,2016-01-10,Unknown,4,0.010951403,0.1724846,1,0,2015-11-24,2015-12-04
29,2017-01-08,2017-03-16,Unknown,0,NA,0.183436003,1,0,NA,NA
30,1992-10-01,1992-12-12,Unknown,2,0.010951403,0.197125257,1,0,1992-10-30,1992-11-03
31,2017-01-31,2017-04-14,Unknown,0,NA,0.199863107,1,0,NA,NA
32,1991-03-15,1991-05-29,Unknown,1,NA,0.205338809,1,0,1991-04-05,1991-04-05
33,2012-04-01,2012-06-15,Unknown,0,NA,0.205338809,1,0,NA,NA
34,2010-04-15,2010-07-01,Unknown,1,NA,0.210814511,1,0,2010-06-03,2010-06-03
35,2006-12-26,2007-03-14,Unknown,0,NA,0.213552361,1,0,NA,NA
36,2014-01-10,2014-03-31,Unknown,0,NA,0.219028063,1,0,NA,NA
37,1992-09-15,1992-12-04,Unknown,3,0.008213552,0.219028063,1,0,1992-10-30,1992-11-03
38,2018-12-10,2019-03-01,Unknown,0,NA,0.221765914,1,0,NA,NA
39,1992-12-16,1993-03-08,Male,1,NA,0.224503765,1,0,1993-01-08,1993-01-08
40,2018-11-01,2019-01-25,Unknown,0,NA,0.232717317,1,0,NA,NA
41,2002-11-02,2003-01-27,Unknown,3,0.041067762,0.235455168,1,0,2002-11-19,2002-12-06
42,2018-12-07,2019-03-06,Unknown,0,NA,0.24366872,1,0,NA,NA
43,2010-12-21,2011-03-21,Unknown,1,NA,0.246406571,1,0,2010-12-24,2010-12-24
44,2012-12-06,2013-03-08,Unknown,0,NA,0.251882272,1,0,NA,NA
45,1993-11-01,1994-02-07,Unknown,0,NA,0.268309377,1,0,NA,NA
46,2004-03-01,2004-06-07,Unknown,4,0.065708419,0.268309377,1,0,2004-03-14,2004-04-11
47,2017-04-01,2017-07-08,Unknown,1,NA,0.268309377,1,0,2017-05-31,2017-05-31
48,2015-12-19,2016-03-27,Unknown,0,NA,0.271047228,1,0,NA,NA
49,2015-10-25,2016-02-02,Unknown,1,NA,0.273785079,1,0,2015-10-26,2015-10-26
50,1991-12-15,1992-03-27,Unknown,0,NA,0.281998631,1,0,NA,NA
51,2015-12-01,2016-03-13,Unknown,0,NA,0.281998631,1,0,NA,NA
52,1995-12-01,1996-03-14,Unknown,0,NA,0.284736482,1,0,NA,NA
53,2017-10-14,2018-01-28,Unknown,3,0.06844627,0.290212183,1,0,2017-10-17,2017-12-02
54,2004-01-01,2004-04-18,Unknown,3,0.062970568,0.295687885,1,0,2004-03-14,2004-04-09
55,2006-10-29,2007-02-15,Unknown,2,0.002737851,0.298425736,1,0,2006-11-08,2006-11-09
56,1993-11-27,1994-03-19,Female,5,0.016427105,0.306639288,1,0,1994-03-07,1994-03-19
57,2013-11-23,2014-03-17,Unknown,1,NA,0.31211499,1,0,2013-11-28,2013-11-28
58,2002-12-06,2003-03-31,Female,16,0.079397673,0.314852841,1,0,2002-12-09,2003-03-30
59,2015-11-17,2016-03-11,Unknown,1,NA,0.314852841,1,0,2015-12-02,2015-12-02
60,2002-11-24,2003-03-22,Unknown,7,0.232717317,0.323066393,1,0,2002-12-09,2003-03-15
61,1997-01-01,1997-05-01,Unknown,3,0.07118412,0.328542094,1,0,1997-01-15,1997-02-11
62,2018-11-15,2019-03-16,Unknown,0,NA,0.331279945,1,0,NA,NA
63,1999-11-15,2000-03-15,Unknown,0,NA,0.331279945,1,0,NA,NA
64,2005-11-20,2006-03-22,Unknown,0,NA,0.334017796,1,0,NA,NA
65,2011-10-21,2012-02-24,Unknown,5,0.019164956,0.344969199,1,0,2011-10-23,2011-11-05
66,1999-10-01,2000-02-05,Unknown,1,NA,0.34770705,1,0,1999-11-04,1999-11-04
67,2018-12-01,2019-04-09,Unknown,0,NA,0.353182752,1,0,NA,NA
68,2000-01-01,2000-05-13,Unknown,2,0.010951403,0.364134155,1,0,2000-05-03,2000-05-07
69,2012-11-01,2013-03-15,Unknown,0,NA,0.366872005,1,0,NA,NA
70,1997-11-01,1998-03-20,Unknown,1,NA,0.380561259,1,0,1998-01-08,1998-01-08
71,1997-12-15,1998-05-05,Unknown,2,0.052019165,0.386036961,1,0,1998-03-29,1998-04-17
72,2011-11-22,2012-04-13,Unknown,1,NA,0.391512663,1,0,2011-11-28,2011-11-28
73,2013-10-21,2014-03-14,Unknown,4,0.013689254,0.394250513,1,0,2013-11-15,2013-11-23
74,1999-02-01,1999-06-27,Unknown,5,0.213552361,0.399726215,1,0,1999-03-28,1999-06-21
75,2009-10-21,2010-03-17,Unknown,1,NA,0.402464066,1,0,2009-11-04,2009-11-04
76,2016-12-01,2017-04-27,Unknown,0,NA,0.402464066,1,0,NA,NA
77,1992-10-01,1993-02-26,Unknown,1,NA,0.405201916,1,0,1992-10-31,1992-10-31
78,2015-11-01,2016-03-30,Unknown,0,NA,0.410677618,1,0,NA,NA
79,2009-10-15,2010-03-17,Unknown,1,NA,0.41889117,1,0,2009-11-04,2009-11-04
80,2018-12-01,2019-05-04,Unknown,0,NA,0.421629021,1,0,NA,NA
81,2007-08-31,2008-02-01,Unknown,0,NA,0.421629021,1,0,NA,NA
82,1986-11-01,1987-04-05,Male,1,NA,0.424366872,1,0,1987-04-03,1987-04-03
83,2005-01-01,2005-06-09,Unknown,2,0.024640657,0.435318275,1,0,2005-05-13,2005-05-22
84,2015-11-07,2016-04-14,Unknown,0,NA,0.435318275,1,0,NA,NA
85,2002-04-24,2002-10-02,Unknown,5,0.123203285,0.440793977,1,0,2002-05-24,2002-08-29
86,2018-10-27,2019-04-07,Female,0,NA,0.443531828,1,0,NA,NA
87,2011-10-21,2012-04-02,Unknown,1,NA,0.449007529,1,0,2011-11-04,2011-11-04
88,2005-01-01,2005-06-15,Unknown,5,0.046543463,0.45174538,1,0,2005-04-19,2005-05-28
89,2016-10-19,2017-04-03,Unknown,1,NA,0.454483231,1,0,2016-10-22,2016-10-22
90,2012-08-23,2013-02-06,Unknown,2,0.054757016,0.457221081,1,0,2012-09-11,2012-10-01
91,1999-11-15,2000-05-01,Unknown,0,NA,0.459958932,1,0,NA,NA
92,2006-12-25,2007-06-18,Male,8,0.030116359,0.479123888,1,0,2007-05-17,2007-06-14
93,1990-10-01,1991-03-26,Unknown,5,0.197125257,0.481861739,1,0,1990-11-11,1991-02-22
94,2015-10-03,2016-03-31,Unknown,8,0.016427105,0.492813142,1,0,2015-10-04,2015-10-27
95,2004-10-10,2005-04-08,Unknown,2,0.41615332,0.492813142,1,0,2004-10-27,2005-03-28
96,1988-11-01,1989-05-01,Unknown,0,NA,0.495550992,1,0,NA,NA
97,1990-11-06,1991-05-07,Unknown,1,NA,0.498288843,1,0,1990-11-10,1990-11-10
98,2007-11-01,2008-05-01,Unknown,0,NA,0.498288843,1,0,NA,NA
99,2008-11-05,2009-05-11,Unknown,0,NA,0.511978097,1,0,NA,NA
100,2005-11-24,2006-06-03,Unknown,5,0.049281314,0.5229295,1,0,2006-04-20,2006-05-28
101,2015-11-01,2016-05-11,Unknown,6,0.396988364,0.525667351,1,0,2015-11-24,2016-04-26
102,1985-01-01,1985-07-13,Unknown,2,0.027378508,0.528405202,1,0,1985-06-29,1985-07-09
103,2008-01-12,2008-07-23,Male,4,0.032854209,0.528405202,1,0,2008-06-16,2008-07-17
104,2004-12-01,2005-06-13,Unknown,6,0.073921971,0.531143053,1,0,2005-03-19,2005-05-17
105,1988-11-01,1989-05-18,Unknown,0,NA,0.542094456,1,0,NA,NA
106,2010-10-15,2011-05-01,Unknown,0,NA,0.542094456,1,0,NA,NA
107,1994-11-01,1995-05-19,Unknown,0,NA,0.544832307,1,0,NA,NA
108,1991-09-03,1992-03-25,Female,35,0.057494867,0.558521561,1,0,1991-09-03,1991-12-08
109,2018-01-01,2018-07-26,Unknown,1,NA,0.563997262,1,0,2018-06-26,2018-06-26
110,2000-01-01,2000-07-28,Unknown,2,0.013689254,0.572210815,1,0,2000-05-23,2000-05-28
111,2004-09-30,2005-05-01,Unknown,4,0.062970568,0.583162218,1,0,2004-10-04,2004-11-16
112,1989-12-01,1990-07-07,Unknown,1,NA,0.596851472,1,0,1990-04-29,1990-04-29
113,2014-03-06,2014-10-11,Unknown,0,NA,0.599589322,1,0,NA,NA
114,2010-09-23,2011-05-01,Unknown,3,0.065708419,0.602327173,1,0,2010-10-07,2010-11-01
115,1993-12-01,1994-07-11,Male,22,0.101300479,0.607802875,1,0,1994-03-10,1994-07-09
116,2013-09-01,2014-04-11,Unknown,3,0.016427105,0.607802875,1,0,2013-10-14,2013-10-25
117,1993-11-01,1994-06-16,Unknown,3,0.027378508,0.621492129,1,0,1994-05-05,1994-05-21
118,2009-12-01,2010-07-17,Unknown,1,NA,0.624229979,1,0,2010-05-17,2010-05-17
119,2001-09-10,2002-05-01,Unknown,1,NA,0.637919233,1,0,2001-09-20,2001-09-20
120,1992-11-01,1993-06-25,Unknown,1,NA,0.646132786,1,0,1993-04-10,1993-04-10
121,2009-12-27,2010-08-21,Female,9,0.095824778,0.648870637,1,0,2010-04-19,2010-07-07
122,1989-11-01,1990-07-03,Unknown,10,0.054757016,0.668035592,1,0,1990-03-24,1990-06-07
123,2015-10-21,2016-06-23,Unknown,2,0.605065024,0.673511294,1,0,2015-10-26,2016-06-03
124,1999-11-01,2000-07-12,Unknown,1,NA,0.6954141,1,0,2000-05-28,2000-05-28
125,1995-11-23,1996-08-06,Male,7,0.062970568,0.703627652,1,0,1996-06-11,1996-08-04
126,1996-10-06,1997-06-20,Unknown,23,0.106776181,0.703627652,1,0,1996-10-12,1997-05-20
127,2005-11-01,2006-07-18,Unknown,2,0.112251882,0.709103354,1,0,2006-05-13,2006-06-23
128,1993-12-15,1994-09-01,Unknown,3,0.03559206,0.711841205,1,0,1994-04-19,1994-05-14
129,2007-11-20,2008-08-13,Unknown,5,0.060232717,0.73100616,1,0,2008-06-06,2008-07-25
130,1991-01-01,1991-09-30,Female,31,0.084873374,0.744695414,1,0,1991-01-28,1991-09-29
131,1989-12-01,1990-08-31,Unknown,10,0.20807666,0.747433265,1,0,1990-03-24,1990-08-16
132,2019-04-01,NA,Unknown,5,0.284736482,0.752908966,0,0,2019-06-08,2019-11-16
133,2005-12-01,2006-09-13,Unknown,2,0.112251882,0.783025325,1,0,2006-07-19,2006-08-29
134,2019-03-15,NA,Unknown,6,0.07118412,0.79945243,0,0,2019-06-01,2019-07-16
135,2014-02-01,2014-11-28,Unknown,1,NA,0.821355236,1,0,2014-06-30,2014-06-30
136,1988-10-01,1989-08-01,Male,10,0.041067762,0.832306639,1,0,1989-05-25,1989-07-26
137,1987-11-01,1988-09-01,Unknown,0,NA,0.83504449,1,0,NA,NA
138,2003-08-01,2004-06-03,Unknown,2,0.498288843,0.840520192,1,0,2003-08-18,2004-02-16
139,2004-03-25,2005-01-29,Unknown,1,NA,0.848733744,1,0,2004-08-21,2004-08-21
140,2005-02-01,2005-12-11,Unknown,4,0.076659822,0.856947296,1,0,2005-07-14,2005-08-28
141,2007-03-09,2008-01-20,Unknown,2,0.095824778,0.8678987,1,0,2007-06-12,2007-07-17
142,2014-10-06,2015-08-27,Unknown,13,0.533880903,0.889801506,1,0,2014-10-18,2015-08-27
143,2019-02-04,NA,Male,20,0.161533196,0.906228611,0,0,2019-05-19,2019-12-07
144,1999-03-05,2000-02-02,Female,26,0.090349076,0.914442163,1,0,1999-06-14,1999-11-04
145,2000-11-01,2001-10-01,Unknown,1,NA,0.914442163,1,0,2001-08-03,2001-08-03
146,1998-11-01,1999-10-01,Unknown,3,0.049281314,0.914442163,1,0,1999-08-22,1999-09-10
147,1992-11-01,1993-10-04,Unknown,1,NA,0.922655715,1,0,1993-03-22,1993-03-22
148,2019-01-01,2019-12-07,Unknown,7,0.136892539,0.930869268,1,0,2019-05-31,2019-09-25
149,2003-11-01,2004-10-12,Unknown,11,0.062970568,0.947296372,1,0,2004-07-09,2004-10-08
150,1991-11-01,1992-10-15,Unknown,1,NA,0.955509925,1,0,1992-07-10,1992-07-10
151,2001-05-15,2002-05-01,Unknown,12,0.090349076,0.960985626,1,0,2001-06-15,2001-09-27
152,2017-01-01,2017-12-28,Unknown,1,NA,0.988364134,1,0,2017-06-30,2017-06-30
153,1996-12-01,1997-11-30,Unknown,2,0.216290212,0.996577687,1,0,1997-02-23,1997-05-13
154,2019-01-01,NA,Unknown,8,0.364134155,0.999315537,0,0,2019-05-30,2019-12-07
155,2019-01-01,NA,Unknown,6,0.167008898,0.999315537,0,0,2019-06-01,2019-10-03
156,2019-01-01,NA,Unknown,6,0.254620123,0.999315537,0,0,2019-07-03,2019-11-26
157,2001-06-01,2002-06-01,Unknown,1,NA,0.999315537,1,0,2001-08-03,2001-08-03
158,2003-11-01,2004-11-01,Unknown,5,0.128678987,1.002053388,1,0,2004-08-19,2004-10-29
159,2005-01-01,2006-01-03,Unknown,1,NA,1.004791239,1,0,2005-07-09,2005-07-09
160,2018-12-24,2020-01-20,Unknown,8,0.331279945,1.021218344,0,0,2019-05-12,2019-12-04
161,1998-11-01,1999-11-10,Unknown,0,NA,1.023956194,1,0,NA,NA
162,2005-11-01,2006-11-11,Unknown,1,NA,1.026694045,1,0,2006-04-20,2006-04-20
163,2018-12-19,NA,Female,22,0.134154689,1.034907598,0,0,2019-05-15,2019-12-07
164,1992-12-01,1993-12-15,Unknown,1,NA,1.037645448,1,0,1993-06-17,1993-06-17
165,2017-12-15,2018-12-30,Unknown,2,0.177960301,1.040383299,1,0,2018-06-15,2018-08-19
166,2004-08-01,2005-08-17,Unknown,6,0.796714579,1.04312115,1,0,2004-08-21,2005-08-13
167,2001-12-01,2002-12-17,Unknown,1,NA,1.04312115,1,0,2002-07-30,2002-07-30
168,2018-12-15,NA,Male,0,NA,1.045859001,0,0,NA,NA
169,1995-11-01,1996-11-22,Unknown,1,NA,1.059548255,1,0,1996-07-28,1996-07-28
170,1992-11-15,1993-12-09,Unknown,9,0.344969199,1.065023956,1,0,1992-12-03,1993-09-17
171,1988-11-01,1989-12-08,Unknown,1,NA,1.100616016,1,0,1989-06-20,1989-06-20
172,1988-11-01,1989-12-09,Unknown,2,0.07118412,1.103353867,1,0,1989-07-14,1989-08-09
173,2006-04-25,2007-06-02,Unknown,1,NA,1.103353867,1,0,2006-05-15,2006-05-15
174,1999-11-01,2000-12-19,Unknown,1,NA,1.133470226,1,0,2000-06-12,2000-06-12
175,2007-01-18,2008-03-08,Unknown,2,0.016427105,1.136208077,1,0,2007-07-02,2007-07-08
176,2006-11-01,2007-12-28,Unknown,1,NA,1.155373032,1,0,2007-06-04,2007-06-04
177,2018-11-01,NA,Unknown,2,0.054757016,1.166324435,0,0,2019-06-12,2019-07-02
178,2011-11-25,2013-02-01,Unknown,7,0.5229295,1.188227242,1,0,2011-11-30,2012-10-20
179,2014-11-01,2016-01-11,Unknown,5,0.145106092,1.193702943,1,0,2015-04-27,2015-09-11
180,2002-10-20,2003-12-30,Unknown,7,0.668035592,1.193702943,1,0,2002-11-04,2003-10-21
181,1995-11-01,1997-01-15,Unknown,13,0.131416838,1.207392197,1,0,1996-06-24,1996-12-19
182,2018-10-15,NA,Unknown,0,NA,1.212867899,0,0,NA,NA
183,2018-10-14,NA,Female,26,0.542094456,1.215605749,0,0,2018-10-31,2019-12-07
184,1987-11-20,1989-02-08,Female,10,0.194387406,1.221081451,1,0,1988-05-13,1988-12-11
185,1996-12-15,1998-03-17,Unknown,5,0.503764545,1.25119781,1,0,1997-01-16,1998-01-26
186,2000-10-01,2002-01-07,Unknown,15,0.457221081,1.267624914,1,0,2000-10-20,2001-09-25
187,2003-11-01,2005-02-13,Unknown,1,NA,1.28678987,1,0,2004-09-19,2004-09-19
188,2001-11-15,2003-03-08,Unknown,2,0.769336071,1.308692676,1,0,2002-03-28,2003-01-03
189,2006-01-01,2007-04-26,Unknown,1,NA,1.314168378,1,0,2006-08-02,2006-08-02
190,1994-01-01,1995-05-01,Male,5,0.087611225,1.327857632,1,0,1994-03-16,1994-05-10
191,1995-11-01,1997-03-01,Female,19,0.073921971,1.330595483,1,0,1996-09-13,1997-02-11
192,2014-01-01,2015-05-03,Male,9,0.413415469,1.333333333,1,0,2014-07-05,2015-04-19
193,1998-11-01,2000-03-05,Unknown,18,0.199863107,1.341546886,1,0,1999-02-12,1999-11-04
194,2009-10-01,2011-02-13,Unknown,4,0.517453799,1.368925394,1,0,2009-11-04,2010-11-02
195,2011-09-12,2013-01-28,Unknown,6,0.635181383,1.379876797,1,0,2011-09-15,2012-10-10
196,2009-10-26,2011-03-15,Unknown,8,0.41889117,1.382614648,1,0,2009-11-02,2010-12-06
197,2008-11-01,2010-03-21,Unknown,0,NA,1.382614648,1,0,NA,NA
198,2005-09-01,2007-01-21,Unknown,4,0.084873374,1.388090349,1,0,2006-05-13,2006-07-20
199,2007-09-01,2009-01-28,Unknown,1,NA,1.409993155,1,0,2008-08-24,2008-08-24
200,1997-12-01,1999-05-01,Unknown,7,0.084873374,1.412731006,1,0,1998-05-16,1998-08-09
201,2015-11-05,2017-04-13,Unknown,12,0.440793977,1.437371663,1,0,2015-12-02,2016-10-22
202,1988-12-20,1990-06-03,Unknown,10,0.76386037,1.451060917,1,0,1989-02-20,1990-05-31
203,2003-11-18,2005-05-13,Unknown,20,0.52019165,1.483915127,1,0,2004-03-20,2005-03-29
204,2001-11-01,2003-05-01,Unknown,5,0.142368241,1.49486653,1,0,2002-05-20,2002-08-14
205,2005-11-01,2007-05-01,Unknown,1,NA,1.49486653,1,0,2006-05-15,2006-05-15
206,2004-11-01,2006-05-01,Unknown,1,NA,1.49486653,1,0,2005-07-09,2005-07-09
207,2002-11-01,2004-05-01,Unknown,2,0.271047228,1.497604381,1,0,2003-05-11,2003-08-18
208,2003-10-29,2005-05-01,Unknown,3,0.495550992,1.505817933,1,0,2003-11-11,2004-09-19
209,2012-11-01,2014-05-09,Unknown,6,0.158795346,1.516769336,1,0,2013-07-29,2013-11-30
210,2007-10-01,2009-04-16,Unknown,3,0.057494867,1.541409993,1,0,2008-06-01,2008-07-12
211,1992-11-01,1994-05-26,Unknown,9,0.632443532,1.563312799,1,0,1993-03-22,1994-05-15
212,2006-11-01,2008-06-05,Unknown,1,NA,1.593429158,1,0,2007-05-22,2007-05-22
213,2012-12-15,2014-08-05,Unknown,7,0.117727584,1.637234771,1,0,2013-05-26,2013-10-08
214,1988-11-01,1990-06-25,Male,20,0.646132786,1.645448323,1,0,1989-02-20,1990-06-01
215,1992-11-01,1994-07-02,Unknown,4,0.76659822,1.664613279,1,0,1993-07-01,1994-05-15
216,1989-11-01,1991-07-21,Unknown,0,NA,1.716632444,1,0,NA,NA
217,2012-08-04,2014-05-01,Unknown,7,0.780287474,1.73853525,1,0,2012-09-15,2013-11-11
218,2018-04-01,NA,Unknown,2,0.985626283,1.752224504,0,0,2018-06-17,2019-06-12
219,1990-11-01,1992-08-28,Male,6,0.807665982,1.823408624,1,0,1990-11-11,1991-11-03
220,2003-10-15,2005-08-13,Unknown,7,0.621492129,1.828884326,1,0,2003-12-13,2005-05-08
221,2008-02-24,2010-01-02,Unknown,2,1.117043121,1.856262834,1,0,2008-06-22,2009-08-04
222,2003-05-01,2005-03-10,Unknown,15,0.761122519,1.859000684,1,0,2003-07-27,2004-11-21
223,2016-03-01,2018-03-05,Female,15,0.605065024,2.009582478,1,0,2016-06-03,2017-11-27
224,1996-12-09,1998-12-15,Unknown,8,0.960985626,2.015058179,1,0,1996-12-16,1998-01-28
225,2009-09-30,2011-10-09,Unknown,3,0.911704312,2.023271732,1,0,2009-10-18,2010-11-02
226,2017-12-15,NA,Unknown,8,0.251882272,2.045174538,0,0,2019-05-31,2019-12-02
227,2005-12-10,2008-01-08,Male,19,0.840520192,2.078028747,1,0,2006-04-15,2007-07-26
228,2013-02-15,2015-03-20,Unknown,9,0.720054757,2.088980151,1,0,2013-07-22,2014-11-20
229,2017-11-24,NA,Unknown,20,0.665297741,2.102669405,0,0,2017-12-08,2019-12-04
230,2017-11-19,NA,Female,27,0.613278576,2.116358658,0,0,2017-11-24,2019-12-07
231,2017-11-17,NA,Unknown,5,0.881587953,2.12183436,0,0,2017-12-08,2019-07-17
232,2017-11-15,NA,Unknown,7,1.00752909,2.127310062,0,0,2017-11-27,2019-11-23
233,2003-12-15,2006-02-03,Unknown,6,0.821355236,2.138261465,1,0,2004-02-25,2005-11-24
234,2000-11-01,2002-12-26,Unknown,5,0.919917864,2.149212868,1,0,2001-07-19,2002-08-10
235,2017-11-07,NA,Unknown,11,0.476386037,2.149212868,0,0,2017-12-08,2018-09-22
236,2002-11-30,2005-01-24,Male,83,0.1724846,2.151950719,1,0,2002-12-09,2004-11-14
237,2017-11-01,NA,Unknown,2,0.027378508,2.165639973,0,0,2018-06-17,2018-06-27
238,2017-11-01,NA,Unknown,2,0.908966461,2.165639973,0,0,2018-07-11,2019-06-08
239,2017-11-01,NA,Unknown,1,NA,2.165639973,0,0,2019-07-02,2019-07-02
240,1984-11-01,1987-01-03,Unknown,0,NA,2.171115674,1,0.167008898,NA,NA
241,1986-11-01,1989-01-13,Female,37,0.689938398,2.201232033,1,0,1987-05-06,1988-09-30
242,2004-11-01,2007-01-15,Unknown,1,NA,2.203969884,1,0,2005-08-11,2005-08-11
243,2017-10-14,NA,Unknown,0,NA,2.214921287,0,0,NA,NA
244,2003-11-01,2006-01-30,Unknown,2,0.005475702,2.247775496,1,0,2005-08-11,2005-08-13
245,1995-11-01,1998-02-14,Unknown,4,0.531143053,2.288843258,1,0,1996-07-20,1997-03-30
246,2010-10-15,2013-02-05,Unknown,14,0.495550992,2.310746064,1,0,2011-09-16,2012-10-27
247,2009-10-01,2012-01-25,Unknown,4,0.780287474,2.316221766,1,0,2010-08-05,2011-09-12
248,1994-11-01,1997-03-02,Unknown,3,0.216290212,2.332648871,1,0,1996-06-28,1996-10-06
249,1986-11-01,1989-03-25,Unknown,10,1.095140315,2.395619439,1,0,1987-09-14,1988-12-22
250,1997-11-01,2000-03-25,Unknown,5,1.582477755,2.395619439,1,0,1997-12-10,1999-08-31
251,2002-12-01,2005-05-01,Unknown,13,0.514715948,2.414784394,1,0,2003-03-07,2004-12-07
252,1990-11-01,1993-04-08,Unknown,2,0.024640657,2.43394935,1,0,1992-10-21,1992-10-30
253,2000-11-01,2003-05-01,Unknown,1,NA,2.494182067,1,0,2002-08-19,2002-08-19
254,2004-11-01,2007-05-01,Unknown,2,0.041067762,2.494182067,1,0,2006-07-18,2006-08-02
255,1992-11-01,1995-05-01,Unknown,3,1.366187543,2.494182067,1,0,1993-01-29,1994-08-03
256,2004-11-01,2007-05-01,Unknown,3,0.848733744,2.494182067,1,0,2005-07-09,2006-07-20
257,1984-11-01,1987-05-01,Unknown,0,NA,2.494182067,1,0.167008898,NA,NA
258,1997-11-01,2000-05-01,Unknown,8,0.511978097,2.496919918,1,0,1998-05-16,1999-06-14
259,2005-11-01,2008-05-01,Unknown,3,0.79945243,2.496919918,1,0,2006-08-24,2007-07-17
260,1995-11-01,1998-05-01,Unknown,0,NA,2.496919918,1,0,NA,NA
261,1992-11-01,1995-06-10,Unknown,2,0.840520192,2.603696099,1,0,1993-07-11,1994-05-14
262,1991-11-01,1994-06-19,Unknown,4,0.739219713,2.631074606,1,0,1993-07-23,1994-05-21
263,2012-11-10,2015-07-13,Female,72,0.5229295,2.669404517,1,0,2013-05-17,2015-07-07
264,1995-11-01,1998-07-27,Unknown,7,0.651608487,2.735112936,1,0,1996-07-12,1997-08-13
265,1997-11-01,2000-08-06,Male,7,0.887063655,2.762491444,1,0,1998-07-17,1999-07-16
266,1995-05-01,1998-02-06,Unknown,7,0.136892539,2.770704997,1,0,1997-05-24,1997-10-26
267,2004-12-01,2007-10-01,Unknown,8,0.859685147,2.830937714,1,0,2005-07-02,2007-05-28
268,1988-11-01,1991-09-03,Unknown,3,1.325119781,2.836413415,1,0,1990-03-28,1991-07-28
269,1989-11-01,1992-09-03,Unknown,2,0.098562628,2.839151266,1,0,1990-08-09,1990-09-14
270,2012-11-01,2015-11-07,Male,65,0.55578371,3.014373717,1,0,2013-05-17,2015-10-20
271,1990-10-01,1993-10-21,Female,57,0.900752909,3.055441478,1,0,1990-10-15,1993-09-21
272,2016-11-01,NA,Unknown,3,0.084873374,3.16495551,0,0,2017-06-14,2017-07-24
273,2016-10-23,NA,Male,23,0.613278576,3.189596167,0,0,2017-05-16,2019-12-04
274,1998-11-03,2002-02-01,Male,134,0.503764545,3.247091034,1,0,1998-11-03,2001-11-10
275,2002-11-26,2006-03-08,Male,143,0.271047228,3.279945243,1,0,2002-12-03,2005-11-10
276,2016-09-18,NA,Male,44,0.635181383,3.285420945,0,0,2016-09-21,2019-11-27
277,2006-01-15,2009-05-01,Unknown,15,0.982888433,3.290896646,1,0,2006-04-15,2008-10-15
278,2014-01-06,2017-05-01,Unknown,6,0.788501027,3.315537303,1,0,2014-07-03,2016-05-20
279,2013-01-01,2016-05-01,Female,5,0.908966461,3.329226557,1,0,2013-06-15,2015-06-03
280,1996-12-09,2000-05-01,Unknown,14,0.90349076,3.392197125,1,0,1996-12-10,1999-08-29
281,2003-12-01,2007-05-01,Female,36,0.547570157,3.414099932,1,0,2004-04-23,2006-10-08
282,1997-12-01,2001-05-01,Unknown,32,0.511978097,3.414099932,1,0,1998-03-18,2000-05-09
283,1996-11-15,2000-05-01,Unknown,9,0.892539357,3.457905544,1,0,1996-12-18,1999-10-04
284,2008-11-01,2012-05-01,Unknown,7,0.618754278,3.496235455,1,0,2009-11-11,2011-07-20
285,2013-11-01,2017-05-01,Unknown,5,0.722792608,3.496235455,1,0,2015-04-27,2016-05-26
286,2001-11-01,2005-05-01,Unknown,5,0.900752909,3.496235455,1,0,2003-04-23,2004-08-27
287,1996-11-01,2000-05-01,Unknown,27,1.451060917,3.496235455,1,0,1997-01-16,1999-11-01
288,2002-11-01,2006-05-01,Unknown,6,0.960985626,3.496235455,1,0,2003-03-22,2004-12-08
289,2003-11-01,2007-05-01,Male,61,0.544832307,3.496235455,1,0,2004-04-17,2006-11-08
290,2010-11-01,2014-05-01,Male,18,0.643394935,3.496235455,1,0,2011-05-31,2013-06-21
291,2011-11-01,2015-05-01,Unknown,5,0.583162218,3.496235455,1,0,2013-07-06,2014-07-01
292,2010-11-01,2014-05-01,Unknown,7,0.714579055,3.496235455,1,0,2012-09-09,2013-11-11
293,2001-11-01,2005-05-01,Unknown,6,0.900752909,3.496235455,1,0,2002-08-18,2004-11-16
294,2001-11-01,2005-05-01,Unknown,8,0.947296372,3.496235455,1,0,2002-08-20,2004-10-10
295,2002-11-01,2006-05-01,Unknown,5,0.906228611,3.496235455,1,0,2003-10-10,2005-07-14
296,2010-11-01,2014-05-01,Unknown,2,0.369609856,3.496235455,1,0,2013-07-06,2013-11-18
297,1990-12-01,1994-06-01,Female,46,0.777549624,3.498973306,1,0,1991-04-03,1994-05-22
298,2000-10-28,2004-05-01,Unknown,15,0.933607118,3.507186858,1,0,2000-11-21,2003-10-09
299,1991-10-25,1995-05-01,Male,13,0.925393566,3.515400411,1,0,1991-11-03,1994-08-03
300,1994-11-20,1998-06-15,Male,131,0.128678987,3.567419576,1,0,1995-07-05,1998-05-30
301,2008-11-15,2012-06-23,Male,13,0.689938398,3.603011636,1,0,2009-06-08,2012-06-11
302,2016-05-01,NA,Unknown,4,1.029431896,3.668720055,0,0,2016-06-19,2018-06-27
303,2016-02-15,NA,Unknown,11,1.037645448,3.876796715,0,0,2017-05-30,2019-12-03
304,2016-02-01,NA,Unknown,9,0.936344969,3.915126626,0,0,2016-05-30,2018-09-21
305,1990-04-16,1994-05-13,Male,144,0.501026694,4.073921971,1,0,1990-04-17,1994-05-07
306,2015-11-20,NA,Male,21,1.018480493,4.114989733,0,0,2015-11-26,2019-12-02
307,2015-11-01,NA,Male,18,0.807665982,4.167008898,0,0,2016-05-13,2019-12-03
308,2015-11-01,NA,Female,26,0.944558522,4.167008898,0,0,2016-05-12,2019-10-03
309,2015-11-01,NA,Unknown,1,NA,4.167008898,0,0,2017-05-31,2017-05-31
310,2011-02-15,2015-05-01,Male,9,0.900752909,4.205338809,1,0,2011-09-29,2013-08-23
311,2015-10-15,NA,Male,18,0.889801506,4.213552361,0,0,2015-12-03,2019-11-23
312,2011-11-24,2016-03-01,Male,101,0.572210815,4.268309377,1,0,2011-11-28,2015-12-02
313,2010-01-01,2014-05-01,Unknown,13,0.993839836,4.328542094,1,0,2010-06-02,2013-05-25
314,2014-01-01,2018-05-01,Unknown,25,0.810403833,4.328542094,1,0,2014-06-18,2017-10-17
315,2007-01-15,2011-05-20,Female,86,0.818617385,4.342231348,1,0,2007-05-17,2010-12-15
316,2015-08-24,NA,Unknown,13,1.70568104,4.355920602,0,0,2015-09-03,2019-11-16
317,2004-11-15,2009-05-01,Unknown,6,0.407939767,4.457221081,1,0,2004-11-21,2005-10-03
318,2000-11-01,2005-05-01,Unknown,23,0.711841205,4.495550992,1,0,2001-06-22,2004-10-24
319,2012-11-01,2017-05-01,Unknown,10,0.791238877,4.495550992,1,0,2013-10-14,2016-09-30
320,2008-11-01,2013-05-01,Unknown,5,1.483915127,4.495550992,1,0,2009-06-12,2011-11-25
321,1995-11-01,2000-05-01,Unknown,5,1.429158111,4.498288843,1,0,1996-06-22,1998-01-27
322,2009-09-17,2014-05-01,Male,47,0.774811773,4.618754278,1,0,2009-10-01,2013-11-20
323,2015-05-10,NA,Unknown,18,1.563312799,4.646132786,0,0,2015-06-03,2019-09-24
324,2010-09-03,2015-05-01,Unknown,15,0.969199179,4.657084189,1,0,2010-09-21,2014-07-06
325,2015-03-01,NA,Unknown,23,1.11156742,4.837782341,0,0,2015-07-02,2019-12-03
326,2014-12-01,NA,Female,40,0.733744011,5.084188912,0,0,2015-04-18,2019-12-07
327,1999-03-26,2004-05-01,Male,22,2.036960986,5.100616016,1,0,1999-05-10,2003-10-09
328,2014-11-01,NA,Unknown,5,2.078028747,5.166324435,0,0,2015-06-10,2018-07-12
329,1983-12-01,1989-02-15,Female,56,0.788501027,5.210130048,1,1.086926762,1985-05-20,1988-12-12
330,2014-10-01,NA,Female,17,1.467488022,5.25119781,0,0,2014-11-18,2019-12-03
331,2008-01-03,2013-05-01,Male,20,0.925393566,5.325119781,1,0,2008-09-11,2012-10-10
332,2012-12-01,2018-05-01,Male,49,0.944558522,5.412731006,1,0,2013-05-24,2017-10-02
333,2003-12-01,2009-05-01,Unknown,23,0.906228611,5.415468857,1,0,2004-04-18,2008-07-05
334,2000-11-01,2006-05-01,Unknown,61,0.646132786,5.49486653,1,0,2001-06-14,2005-05-22
335,2000-11-01,2006-05-01,Male,29,0.832306639,5.49486653,1,0,2001-08-13,2005-07-02
336,1992-11-01,1998-05-01,Female,14,2.896646133,5.49486653,1,0,1993-04-10,1997-06-26
337,1998-11-01,2004-05-01,Unknown,11,1.864476386,5.497604381,1,0,1999-07-24,2003-08-27
338,1994-11-01,2000-05-01,Male,18,0.802190281,5.497604381,1,0,1996-07-12,1999-06-08
339,1994-11-01,2000-05-01,Unknown,7,1.015742642,5.497604381,1,0,1996-08-20,1998-12-05
340,1999-11-01,2005-05-01,Female,30,1.086926762,5.497604381,1,0,2000-06-17,2004-11-09
341,2014-03-01,NA,Unknown,20,1.034907598,5.837097878,0,0,2014-09-09,2019-10-18
342,1994-05-01,2000-05-01,Unknown,8,1.158110883,6.001368925,1,0,1996-06-28,1998-01-26
343,1994-05-01,2000-05-01,Unknown,27,0.793976728,6.001368925,1,0,1996-09-21,1999-11-02
344,2013-12-01,NA,Unknown,1,NA,6.083504449,0,0,2014-11-18,2014-11-18
345,2013-11-01,NA,Female,11,1.242984257,6.165639973,0,0,2014-07-18,2019-06-12
346,2013-11-01,NA,Unknown,1,NA,6.165639973,0,0,2014-06-20,2014-06-20
347,2013-10-27,NA,Female,13,1.856262834,6.179329227,0,0,2013-11-17,2019-09-24
348,2013-10-25,NA,Unknown,6,1.557837098,6.184804928,0,0,2013-11-11,2016-10-07
349,2013-10-01,NA,Unknown,21,0.744695414,6.250513347,0,0,2013-11-18,2019-08-04
350,2013-08-01,NA,Female,27,0.87063655,6.417522245,0,0,2013-09-02,2019-10-09
351,1988-11-01,1995-05-01,Unknown,21,0.993839836,6.494182067,1,0,1989-06-24,1994-04-19
352,2001-11-01,2008-05-01,Unknown,7,2.080766598,6.496919918,1,0,2002-07-23,2005-10-23
353,2001-11-01,2008-05-01,Male,8,1.927446954,6.496919918,1,0,2002-07-22,2006-07-18
354,1998-10-15,2005-05-01,Unknown,11,2.05065024,6.543463381,1,0,1998-12-07,2003-08-18
355,1996-10-07,2003-05-01,Female,77,0.618754278,6.562628337,1,0,1996-10-08,2003-02-05
356,2013-03-01,NA,Unknown,9,1.900068446,6.836413415,0,0,2013-07-10,2018-06-27
357,2013-03-01,NA,Male,143,0.720054757,6.836413415,0,0,2013-05-17,2019-12-07
358,2002-12-08,2009-11-20,Female,150,0.845995893,6.951403149,1,0,2002-12-09,2009-08-07
359,2013-01-01,NA,Male,21,2.934976044,6.997946612,0,0,2013-05-23,2019-12-03
360,2012-11-06,NA,Female,189,0.621492129,7.151266256,0,0,2013-05-17,2019-12-07
361,2012-11-01,NA,Male,15,1.103353867,7.16495551,0,0,2013-09-02,2019-10-20
362,2012-11-01,NA,Male,9,1.73853525,7.16495551,0,0,2013-06-15,2016-06-20
363,2012-11-01,NA,Male,6,0.982888433,7.16495551,0,0,2013-07-06,2017-05-19
364,2012-11-01,NA,Male,20,1.130732375,7.16495551,0,0,2013-06-22,2018-07-24
365,2012-11-01,NA,Unknown,15,1.095140315,7.16495551,0,0,2013-09-20,2019-12-07
366,2012-11-01,NA,Female,25,1.160848734,7.16495551,0,0,2013-06-08,2019-08-02
367,2012-11-01,NA,Male,33,0.941820671,7.16495551,0,0,2013-05-24,2019-12-07
368,2012-11-01,NA,Male,6,3.86036961,7.16495551,0,0,2013-07-22,2019-06-08
369,2012-10-14,NA,Female,29,0.804928131,7.214236824,0,0,2012-10-21,2019-10-20
370,2002-01-01,2009-05-01,Unknown,11,2.034223135,7.329226557,1,0,2002-05-27,2007-08-04
371,2004-11-20,2012-05-01,Male,22,1.883641342,7.44421629,1,0,2004-11-21,2009-11-30
372,1998-11-01,2006-05-01,Male,48,0.602327173,7.496235455,1,0,1999-06-24,2005-11-24
373,1986-11-01,1994-05-01,Unknown,8,2.138261465,7.496235455,1,0,1988-09-19,1991-09-10
374,1987-11-01,1995-05-01,Male,57,0.725530459,7.496235455,1,0,1988-05-07,1994-05-06
375,1997-11-01,2005-05-01,Unknown,9,1.059548255,7.496235455,1,0,2000-09-12,2004-10-04
376,1999-11-01,2007-05-01,Unknown,3,2.162902122,7.496235455,1,0,2001-09-09,2004-09-19
377,2008-10-17,2016-05-01,Male,149,0.76386037,7.537303217,1,0,2008-10-19,2015-12-02
378,2012-03-23,NA,Female,112,0.73100616,7.775496235,0,0,2012-06-17,2019-12-03
379,2012-03-01,NA,Female,24,2.01779603,7.835728953,0,0,2012-09-05,2019-07-18
380,2012-02-01,NA,Female,19,2.004106776,7.915126626,0,0,2013-07-09,2019-07-03
381,2012-01-15,NA,Unknown,21,1.059548255,7.961670089,0,0,2012-06-24,2018-07-04
382,2011-12-15,NA,Male,24,1.045859001,8.046543463,0,0,2012-08-11,2019-12-07
383,2011-12-04,NA,Female,14,2.945927447,8.076659822,0,0,2011-12-11,2019-07-07
384,2011-12-01,NA,Female,19,1.954825462,8.084873374,0,0,2012-06-08,2019-06-21
385,2011-11-26,NA,Male,36,1.620807666,8.098562628,0,0,2011-12-10,2019-10-09
386,2011-11-24,NA,Male,43,0.884325804,8.10403833,0,0,2011-11-30,2019-12-07
387,2011-11-21,NA,Male,31,1.453798768,8.112251882,0,0,2011-11-23,2018-10-16
388,2011-11-20,NA,Female,188,0.668035592,8.114989733,0,0,2011-11-28,2019-12-07
389,2011-11-20,NA,Male,30,2.143737166,8.114989733,0,0,2011-11-24,2019-10-20
390,2011-11-15,NA,Female,31,0.862422998,8.128678987,0,0,2011-12-11,2018-09-22
391,2011-11-01,NA,Unknown,7,1.900068446,8.167008898,0,0,2012-07-07,2017-06-30
392,2011-11-01,NA,Unknown,6,1.839835729,8.167008898,0,0,2013-07-10,2016-06-19
393,2011-11-01,NA,Male,11,2.020533881,8.167008898,0,0,2012-10-29,2019-11-15
394,2011-11-01,NA,Unknown,6,1.631759069,8.167008898,0,0,2013-07-06,2015-08-17
395,2011-11-01,NA,Unknown,29,1.467488022,8.167008898,0,0,2013-07-24,2019-12-03
396,2011-11-01,NA,Female,20,1.916495551,8.167008898,0,0,2012-07-04,2019-12-07
397,2011-10-26,NA,Male,233,0.561259411,8.183436003,0,0,2011-10-27,2019-12-02
398,2011-10-21,NA,Female,40,0.843258042,8.197125257,0,0,2011-11-04,2019-07-17
399,2011-10-20,NA,Male,103,0.657084189,8.199863107,0,0,2011-10-23,2019-08-02
400,2011-10-20,NA,Unknown,31,1.744010951,8.199863107,0,0,2011-10-23,2019-12-03
401,2011-10-19,NA,Male,40,0.900752909,8.202600958,0,0,2011-10-28,2019-07-19
402,1977-11-01,1986-05-01,Unknown,24,0.052019165,8.495550992,1,7.167693361,1985-05-15,1985-08-23
403,2000-11-01,2009-05-01,Unknown,8,2.412046543,8.495550992,1,0,2001-08-03,2006-07-18
404,2001-11-01,2010-05-01,Male,18,1.973990418,8.495550992,1,0,2002-06-29,2008-06-24
405,1994-11-01,2003-05-01,Male,37,1.815195072,8.495550992,1,0,1996-07-20,2001-09-08
406,1998-11-01,2007-05-01,Male,20,1.708418891,8.495550992,1,0,1999-08-22,2005-11-24
407,2001-10-15,2010-05-01,Male,28,1.138945927,8.542094456,1,0,2001-11-09,2009-07-18
408,1995-08-23,2004-05-01,Male,304,0.503764545,8.689938398,1,0,1995-09-04,2003-08-23
409,2011-02-15,NA,Female,66,0.780287474,8.876112252,0,0,2011-09-15,2019-12-03
410,2010-11-17,NA,Female,158,0.580424367,9.122518823,0,0,2010-11-18,2019-12-07
411,2010-11-15,NA,Female,16,1.681040383,9.127994524,0,0,2012-09-25,2019-12-03
412,2010-11-01,NA,Male,43,0.752908966,9.166324435,0,0,2011-07-16,2019-11-10
413,2010-11-01,NA,Female,40,1.437371663,9.166324435,0,0,2011-07-21,2019-11-10
414,2010-11-01,NA,Male,26,1.415468857,9.166324435,0,0,2012-06-27,2019-10-09
415,2010-11-01,NA,Female,8,3.715263518,9.166324435,0,0,2012-10-29,2019-06-25
416,2010-10-27,NA,Male,36,1.01026694,9.180013689,0,0,2010-11-04,2017-07-07
417,2010-10-15,NA,Female,19,1.555099247,9.212867899,0,0,2011-09-13,2016-10-04
418,2007-01-15,2016-05-01,Male,19,1.544147844,9.292265572,1,0,2007-06-14,2014-09-26
419,2010-09-01,NA,Unknown,9,1.253935661,9.333333333,0,0,2012-07-07,2014-12-27
420,2010-09-01,NA,Female,34,0.947296372,9.333333333,0,0,2011-06-29,2019-10-20
421,1998-11-15,2008-05-01,Male,331,0.654346338,9.45927447,1,0,1998-11-17,2007-08-04
422,2001-11-01,2011-05-01,Male,46,1.029431896,9.49486653,1,0,2002-05-28,2010-12-11
423,2004-11-01,2014-05-01,Unknown,16,1.127994524,9.49486653,1,0,2005-07-02,2013-10-08
424,1985-11-01,1995-05-01,Female,29,1.002053388,9.49486653,1,0,1988-05-10,1994-06-29
425,1983-11-01,1993-05-01,Male,86,0.919917864,9.497604381,1,1.169062286,1985-06-13,1993-01-28
426,1995-11-01,2005-05-01,Male,88,0.845995893,9.497604381,1,0,1996-09-06,2004-12-08
427,2010-02-01,NA,Female,25,1.259411362,9.9137577,0,0,2010-05-06,2019-07-18
428,2010-01-23,NA,Female,153,0.66255989,9.938398357,0,0,2010-04-06,2019-12-02
429,2010-01-01,NA,Unknown,18,2.798083504,9.998631075,0,0,2010-05-12,2019-05-28
430,2009-12-15,NA,Female,16,3.315537303,10.04517454,0,0,2010-05-20,2019-07-18
431,2009-12-12,NA,Male,304,0.574948665,10.05338809,0,0,2009-12-12,2019-12-04
432,2009-12-01,NA,Female,39,1.377138946,10.08350445,0,0,2010-04-07,2019-12-07
433,2009-11-20,NA,Male,124,0.706365503,10.11362081,0,0,2009-12-10,2019-12-04
434,2009-11-08,NA,Female,84,0.898015058,10.14647502,0,0,2009-12-11,2019-10-29
435,2009-11-03,NA,Unknown,20,1.897330595,10.16016427,0,0,2009-11-04,2019-11-16
436,2009-11-01,NA,Female,47,1.563312799,10.16563997,0,0,2010-07-29,2019-09-24
437,2009-11-01,NA,Male,34,1.724845996,10.16563997,0,0,2010-07-26,2019-10-20
438,2009-11-01,NA,Unknown,18,1.11430527,10.16563997,0,0,2012-07-08,2019-07-03
439,2009-11-01,NA,Female,8,2.535249829,10.16563997,0,0,2010-09-23,2019-06-08
440,2009-11-01,NA,Unknown,13,2.88569473,10.16563997,0,0,2010-06-11,2019-11-10
441,2009-11-01,NA,Male,21,1.984941821,10.16563997,0,0,2011-06-29,2018-10-12
442,2009-11-01,NA,Male,48,1.07871321,10.16563997,0,0,2010-06-03,2019-12-03
443,2009-11-01,NA,Male,11,2.028747433,10.16563997,0,0,2010-09-16,2019-05-28
444,1984-11-01,1995-02-10,Female,390,0.772073922,10.275154,1,0.167008898,1985-06-12,1994-09-18
445,2000-11-01,2011-05-01,Unknown,21,1.667351129,10.49418207,1,0,2001-08-02,2008-06-24
446,1988-11-01,1999-05-01,Female,22,0.057494867,10.49418207,1,0,1990-03-30,1997-04-25
447,1975-11-01,1986-05-01,Unknown,6,0.043805613,10.49691992,1,9.169062286,1985-05-15,1985-06-20
448,2004-10-01,2015-05-01,Unknown,13,2.600958248,10.57905544,1,0,2004-10-24,2011-12-12
449,2009-01-03,NA,Unknown,16,2.047912389,10.99247091,0,0,2009-07-08,2015-07-18
450,2008-12-01,NA,Male,109,0.887063655,11.08281999,0,0,2009-06-09,2019-08-03
451,2008-11-01,NA,Male,57,0.815879535,11.16495551,0,0,2009-06-21,2019-10-20
452,2008-11-01,NA,Unknown,9,1.609856263,11.16495551,0,0,2010-10-16,2016-05-30
453,2008-11-01,NA,Female,16,1.973990418,11.16495551,0,0,2010-04-11,2019-11-16
454,2008-11-01,NA,Male,10,1.352498289,11.16495551,0,0,2009-11-11,2016-06-19
455,2008-11-01,NA,Female,31,1.149897331,11.16495551,0,0,2009-06-21,2019-07-18
456,2008-11-01,NA,Unknown,7,2.488706366,11.16495551,0,0,2009-07-18,2017-07-22
457,2008-11-01,NA,Male,19,1.80971937,11.16495551,0,0,2009-08-03,2019-07-07
458,2008-11-01,NA,Male,21,2.099931554,11.16495551,0,0,2009-11-04,2019-11-26
459,1998-03-01,2009-05-01,Male,43,1.029431896,11.16769336,1,0,1999-08-09,2008-06-24
460,1977-11-01,1989-02-15,Male,86,0.761122519,11.29089665,1,7.167693361,1985-05-06,1988-11-09
461,2008-09-01,NA,Male,31,1.108829569,11.33196441,0,0,2009-06-21,2019-07-18
462,2008-08-27,NA,Female,201,0.646132786,11.34565366,0,0,2008-08-28,2019-12-07
463,2000-11-01,2012-05-01,Unknown,15,2.973305955,11.49623546,1,0,2002-08-18,2009-07-23
464,1988-11-01,2000-05-01,Unknown,5,0.651608487,11.49623546,1,0,1998-06-26,1999-11-01
465,1978-11-01,1990-05-01,Male,101,0.747433265,11.49623546,1,6.168377823,1985-05-06,1989-08-16
466,1993-11-01,2005-05-01,Male,57,0.925393566,11.49623546,1,0,1994-04-15,2003-08-28
467,1999-11-01,2011-05-01,Female,89,1.174537988,11.49623546,1,0,2000-05-09,2010-06-02
468,2008-01-15,NA,Female,27,2.970568104,11.96167009,0,0,2008-08-18,2019-10-09
469,2008-01-01,NA,Female,27,0.985626283,12,0,0,2014-06-18,2019-07-16
470,2008-01-01,NA,Unknown,28,4.815879535,12,0,0,2008-07-16,2019-06-21
471,2007-12-01,NA,Female,37,2.253251198,12.08487337,0,0,2008-07-02,2017-10-21
472,2007-12-01,NA,Male,51,0.76386037,12.08487337,0,0,2010-06-03,2019-12-07
473,2007-11-13,NA,Female,341,0.651608487,12.13415469,0,0,2008-06-03,2019-12-07
474,2007-11-01,NA,Female,30,1.932922656,12.1670089,0,0,2010-07-29,2019-08-04
475,2007-11-01,NA,Female,18,1.963039014,12.1670089,0,0,2008-06-20,2019-06-12
476,2007-11-01,NA,Male,32,2.236824093,12.1670089,0,0,2008-08-06,2019-10-09
477,2007-11-01,NA,Female,24,0.93908282,12.1670089,0,0,2015-05-14,2019-07-02
478,2007-11-01,NA,Female,104,0.752908966,12.1670089,0,0,2008-06-07,2019-10-08
479,2007-11-01,NA,Unknown,6,1.960301164,12.1670089,0,0,2009-10-18,2015-08-01
480,2007-10-01,NA,Female,9,2.05338809,12.25188227,0,0,2008-06-24,2018-06-27
481,1994-11-01,2007-05-01,Male,8,0.780287474,12.49555099,1,0,2005-08-22,2006-11-08
482,1984-11-01,1997-05-01,Male,6,0.084873374,12.49555099,1,0.167008898,1994-05-14,1996-09-02
483,1993-11-01,2006-05-01,Male,11,2.795345654,12.49555099,1,0,1999-11-03,2005-11-24
484,1984-11-01,1997-05-01,Unknown,23,2.277891855,12.49555099,1,0.167008898,1989-06-12,1994-05-02
485,1981-11-01,1994-05-01,Unknown,11,1.768651608,12.49555099,1,3.167693361,1990-03-24,1993-09-26
486,1993-11-01,2006-05-01,Male,5,1.045859001,12.49555099,1,0,2003-07-03,2004-10-29
487,1976-11-01,1989-05-01,Female,18,1.048596851,12.49555099,1,8.167008898,1985-05-21,1988-07-15
488,1984-11-01,1997-05-01,Female,246,0.161533196,12.49555099,1,0.167008898,1985-06-30,1997-02-11
489,1987-11-01,2000-05-01,Male,17,0.933607118,12.49828884,1,0,1996-07-12,1999-06-08
490,1997-05-30,2010-05-01,Male,65,1.815195072,12.91991786,1,0,1997-07-06,2008-06-24
491,2007-01-21,NA,Female,23,2.036960986,12.94455852,0,0,2007-06-05,2019-11-16
492,2007-01-15,NA,Male,17,2.715947981,12.96098563,0,0,2007-06-05,2019-12-03
493,2006-12-01,NA,Female,46,2.171115674,13.08418891,0,0,2008-06-01,2019-10-03
494,2006-12-01,NA,Female,25,1.615331964,13.08418891,0,0,2009-06-12,2019-12-03
495,2006-11-30,NA,Male,254,0.878850103,13.08692676,0,0,2007-05-17,2019-12-07
496,2006-11-01,NA,Female,33,2.075290897,13.16632444,0,0,2007-07-07,2019-07-02
497,2006-11-01,NA,Female,79,0.97467488,13.16632444,0,0,2007-05-26,2019-07-17
498,2006-11-01,NA,Female,23,2.088980151,13.16632444,0,0,2009-09-15,2019-12-03
499,2006-11-01,NA,Female,98,1.040383299,13.16632444,0,0,2007-06-02,2019-11-26
500,2006-11-01,NA,Male,10,1.500342231,13.16632444,0,0,2011-06-23,2017-06-30
501,2006-11-01,NA,Unknown,9,3.501711157,13.16632444,0,0,2008-09-11,2017-07-22
502,1975-11-01,1989-02-15,Male,93,0.761122519,13.29226557,1,9.169062286,1985-05-10,1988-11-09
503,1994-12-01,2008-05-01,Female,293,0.640657084,13.41546886,1,0,1995-07-05,2007-08-06
504,1980-11-01,1994-05-01,Male,25,0.769336071,13.49486653,1,4.167008898,1989-06-16,1993-08-08
505,1989-11-01,2003-05-01,Female,73,0.8678987,13.49486653,1,0,1990-04-26,2002-08-14
506,1981-11-01,1995-05-01,Female,29,0.728268309,13.49486653,1,3.167693361,1990-03-29,1994-05-10
507,2005-12-10,NA,Female,258,0.821355236,14.05886379,0,0,2006-04-21,2019-12-04
508,2005-11-20,NA,Male,244,0.90349076,14.11362081,0,0,2005-11-24,2019-12-07
509,2005-11-01,NA,Male,18,2.918548939,14.16563997,0,0,2006-08-02,2019-12-03
510,2005-11-01,NA,Male,11,2.833675565,14.16563997,0,0,2012-07-31,2019-07-07
511,2005-11-01,NA,Male,49,2.209445585,14.16563997,0,0,2006-05-12,2017-11-06
512,2005-11-01,NA,Female,32,2.822724162,14.16563997,0,0,2006-05-09,2018-06-30
513,1974-11-01,1989-02-15,Male,80,0.747433265,14.29158111,1,10.16837782,1985-05-06,1988-11-09
514,2000-11-01,2015-05-01,Female,33,1.973990418,14.49418207,1,0,2001-07-03,2013-07-10
515,1980-11-01,1995-05-01,Female,138,0.804928131,14.49418207,1,4.167008898,1985-06-22,1994-05-22
516,1988-11-01,2003-05-01,Female,5,0.881587953,14.49418207,1,0,1998-06-26,1999-07-11
517,1993-11-01,2008-05-01,Male,12,2.286105407,14.49691992,1,0,1999-10-21,2006-08-20
518,1981-11-01,1996-05-01,Female,11,0.361396304,14.49691992,1,3.167693361,1991-01-30,1991-12-10
519,1977-11-01,1992-05-01,Male,136,0.796714579,14.49691992,1,7.167693361,1985-05-06,1991-10-17
520,1995-11-01,2010-05-01,Male,25,2.688569473,14.49691992,1,0,1996-12-16,2007-06-14
521,1993-11-01,2008-05-01,Male,9,1.199178645,14.49691992,1,0,2002-08-20,2006-08-20
522,1993-11-01,2008-05-01,Unknown,9,1.785078713,14.49691992,1,0,2002-07-29,2006-11-08
523,1986-11-01,2001-05-01,Male,6,0.859685147,14.49691992,1,0,1996-09-09,1997-11-19
524,1982-11-01,1997-05-01,Female,188,0.161533196,14.49691992,1,2.168377823,1985-05-10,1996-08-23
525,2005-05-01,NA,Male,48,2.119096509,14.66940452,0,0,2005-08-21,2019-12-03
526,2005-01-15,NA,Female,19,3.419575633,14.9596167,0,0,2005-07-09,2017-11-27
527,2004-11-01,NA,Unknown,11,3.537303217,15.16495551,0,0,2005-07-09,2019-12-03
528,2004-10-20,NA,Male,102,0.936344969,15.19780972,0,0,2004-11-07,2019-10-20
529,1977-11-01,1993-05-01,Male,11,1.084188912,15.49623546,1,7.167693361,1989-07-12,1993-01-04
530,1977-11-01,1993-05-01,Male,31,1.571526352,15.49623546,1,7.167693361,1986-05-30,1992-09-21
531,1972-11-01,1988-05-01,Female,12,0.084873374,15.49623546,1,12.1670089,1985-05-15,1985-08-22
532,1992-11-01,2008-05-01,Unknown,8,1.826146475,15.49623546,1,0,1999-11-03,2006-08-20
533,1979-11-01,1995-05-01,Female,5,1.604380561,15.49623546,1,5.169062286,1990-03-28,1994-08-03
534,1993-11-01,2009-05-01,Male,244,1.037645448,15.49623546,1,0,1999-06-12,2008-06-24
535,1996-11-01,2012-05-01,Male,20,3.197809719,15.49623546,1,0,1999-08-22,2009-11-11
536,1978-11-01,1994-06-04,Female,51,1.916495551,15.58932238,1,6.168377823,1986-06-05,1994-05-15
537,2004-05-07,NA,Male,376,0.873374401,15.65229295,0,0,2004-05-07,2019-12-07
538,2004-01-01,NA,Female,175,0.911704312,16,0,0,2004-02-16,2019-12-04
539,2003-11-19,NA,Female,404,0.8678987,16.11772758,0,0,2003-11-26,2019-12-07
540,2003-11-15,NA,Male,122,1.872689938,16.12867899,0,0,2003-12-01,2019-06-20
541,2003-11-01,NA,Male,33,2.130047912,16.1670089,0,0,2004-09-18,2019-10-03
542,2003-11-01,NA,Male,51,2.997946612,16.1670089,0,0,2004-07-28,2019-12-07
543,2003-11-01,NA,Female,30,2.776180698,16.1670089,0,0,2004-07-09,2019-07-18
544,2003-11-01,NA,Male,63,2.811772758,16.1670089,0,0,2004-05-30,2019-07-17
545,1977-11-01,1994-05-01,Unknown,10,1.141683778,16.49555099,1,7.167693361,1990-03-30,1992-06-09
546,1990-11-01,2007-05-01,Unknown,5,1.987679671,16.49555099,1,0,2001-08-03,2005-08-11
547,1984-11-01,2001-05-01,Unknown,9,0.405201916,16.49555099,1,0.167008898,1994-06-29,1997-10-01
548,1982-11-01,1999-05-01,Female,22,0.722792608,16.49555099,1,2.168377823,1992-06-18,1998-08-09
549,1989-11-01,2006-05-01,Female,36,1.801505818,16.49555099,1,0,1999-10-06,2004-12-08
550,1994-11-01,2011-05-01,Male,36,2.379192334,16.49555099,1,0,1995-08-10,2006-08-12
551,1984-11-01,2001-05-01,Male,6,1.796030116,16.49555099,1,0.167008898,1994-08-07,1999-07-12
552,1983-11-01,2000-05-01,Male,22,0.79945243,16.49828884,1,1.169062286,1996-09-06,1999-07-04
553,1975-11-01,1992-05-01,Male,7,0.755646817,16.49828884,1,9.169062286,1989-07-11,1991-05-15
554,1991-11-01,2008-05-01,Female,15,1.081451061,16.49828884,1,0,2001-07-19,2006-07-27
555,2003-02-15,NA,Male,51,1.848049281,16.87611225,0,0,2003-04-16,2019-07-27
556,2003-01-21,NA,Male,345,0.845995893,16.94455852,0,0,2003-01-27,2019-12-07
557,2003-01-01,NA,Male,328,0.845995893,16.99931554,0,0,2003-01-03,2019-12-07
558,1974-11-01,1991-11-01,Female,173,0.769336071,16.99931554,1,10.16837782,1985-06-22,1991-08-19
559,2002-11-01,NA,Female,34,2.587268994,17.16632444,0,0,2003-02-09,2016-05-20
560,2002-11-01,NA,Female,24,2.940451745,17.16632444,0,0,2003-10-21,2014-11-18
561,2002-11-01,NA,Female,59,2.078028747,17.16632444,0,0,2005-11-15,2019-12-02
562,2002-11-01,NA,Female,35,2.844626968,17.16632444,0,0,2003-05-02,2019-06-08
563,2002-11-01,NA,Female,8,1.675564682,17.16632444,0,0,2010-11-01,2014-06-20
564,2002-11-01,NA,Female,123,1.002053388,17.16632444,0,0,2003-07-09,2019-07-16
565,2002-11-01,NA,Male,76,3.553730322,17.16632444,0,0,2003-03-30,2019-07-18
566,2002-10-01,NA,Male,152,0.887063655,17.25119781,0,0,2003-03-07,2019-12-07
567,1981-11-01,1999-05-01,Male,51,0.501026694,17.49486653,1,3.167693361,1991-08-25,1998-05-04
568,1981-11-01,1999-05-01,Male,18,0.238193018,17.49486653,1,3.167693361,1990-05-28,1997-02-09
569,1977-11-01,1995-05-01,Unknown,5,1.897330595,17.49486653,1,7.167693361,1991-04-18,1993-09-09
570,1980-11-01,1998-05-01,Unknown,8,0.654346338,17.49486653,1,4.167008898,1993-03-29,1994-05-14
571,1980-11-01,1998-05-01,Female,62,0.687200548,17.49486653,1,4.167008898,1985-07-09,1998-01-08
572,1991-11-01,2009-05-01,Male,6,2.861054073,17.49760438,1,0,1999-09-12,2006-07-20
573,2002-05-01,NA,Female,31,2.997946612,17.67008898,0,0,2003-10-02,2019-12-04
574,2002-02-15,NA,Female,333,0.856947296,17.87542779,0,0,2002-03-19,2019-12-04
575,2001-12-01,NA,Male,36,2.661190965,18.08350445,0,0,2002-07-22,2019-10-03
576,2001-11-01,NA,Female,39,2.231348392,18.16563997,0,0,2007-06-12,2019-05-15
577,2001-11-01,NA,Female,57,1.11430527,18.16563997,0,0,2002-05-24,2019-09-24
578,2001-11-01,NA,Male,152,1.004791239,18.16563997,0,0,2002-03-19,2019-12-07
579,2001-11-01,NA,Female,61,2.757015743,18.16563997,0,0,2002-08-20,2018-10-06
580,2001-11-01,NA,Female,140,1.059548255,18.16563997,0,0,2002-03-27,2018-10-16
581,2001-11-01,NA,Male,54,2.151950719,18.16563997,0,0,2002-08-28,2019-07-07
582,2001-11-01,NA,Female,28,2.680355921,18.16563997,0,0,2003-07-08,2019-06-12
583,1999-03-01,2017-05-01,Female,58,2.088980151,18.16837782,1,0,1999-06-17,2016-10-13
584,2001-09-15,NA,Male,22,2.57357974,18.29431896,0,0,2001-11-09,2019-09-30
585,1990-11-27,2009-05-01,Female,68,0.881587953,18.4257358,1,0,1990-11-29,2007-06-03
586,1980-11-01,1999-05-01,Male,6,0.884325804,18.49418207,1,4.167008898,1996-09-08,1998-07-18
587,1988-11-01,2007-05-01,Female,5,0.815879535,18.49418207,1,0,2002-12-04,2003-10-11
588,1988-11-01,2007-05-01,Unknown,13,0.936344969,18.49418207,1,0,2001-07-24,2004-11-21
589,1978-11-01,1997-05-01,Unknown,6,2.412046543,18.49691992,1,6.168377823,1990-04-26,1994-06-29
590,1995-11-01,2014-05-01,Female,66,1.051334702,18.49691992,1,0,2001-08-23,2013-06-21
591,1987-11-01,2006-05-01,Female,5,2.904859685,18.49691992,1,0,1997-12-10,2002-08-19
592,1983-11-01,2002-05-01,Unknown,7,0.183436003,18.49691992,1,1.169062286,1993-09-21,1997-07-22
593,1987-11-01,2006-05-01,Male,5,1.149897331,18.49691992,1,0,2002-07-23,2004-10-10
594,1977-11-01,1996-05-01,Male,23,1.724845996,18.49691992,1,7.167693361,1987-09-21,1992-06-21
595,1979-11-01,1998-05-01,Female,13,0.804928131,18.49691992,1,5.169062286,1993-07-22,1997-08-12
596,1991-11-01,2010-05-01,Male,206,0.856947296,18.49691992,1,0,1993-06-28,2009-06-22
597,1990-11-01,2009-05-01,Male,630,0.856947296,18.49691992,1,0,1990-11-16,2008-10-01
598,1975-11-01,1994-05-01,Female,11,1.524982888,18.49691992,1,9.169062286,1988-12-07,1993-01-22
599,1995-11-01,2014-05-01,Female,72,1.026694045,18.49691992,1,0,1999-07-24,2013-11-11
600,1974-11-01,1993-05-01,Female,11,1.869952088,18.49691992,1,10.16837782,1988-11-16,1991-01-30
601,2000-11-01,NA,Male,151,0.944558522,19.16495551,0,0,2001-06-20,2019-07-03
602,2000-11-01,NA,Female,81,2.124572211,19.16495551,0,0,2004-09-03,2018-09-22
603,2000-11-01,NA,Female,20,2.945927447,19.16495551,0,0,2001-07-05,2018-06-27
604,2000-11-01,NA,Male,49,1.171800137,19.16495551,0,0,2001-08-23,2019-05-15
605,2000-11-01,NA,Female,187,0.985626283,19.16495551,0,0,2001-06-14,2019-12-04
606,2000-11-01,NA,Male,11,1.451060917,19.16495551,0,0,2009-08-05,2017-06-30
607,2000-11-01,NA,Female,92,1.869952088,19.16495551,0,0,2001-06-28,2019-09-24
608,2000-11-01,NA,Female,67,2.822724162,19.16495551,0,0,2001-04-21,2019-07-02
609,2000-11-01,NA,Female,38,1.138945927,19.16495551,0,0,2009-07-04,2019-08-02
610,2000-11-01,NA,Female,290,0.856947296,19.16495551,0,0,2001-04-28,2019-12-04
611,2000-11-01,NA,Unknown,9,4.65982204,19.16495551,0,0,2001-08-06,2016-04-23
612,2000-11-01,NA,Female,84,3.186858316,19.16495551,0,0,2001-08-06,2019-12-02
613,1996-11-01,2016-05-01,Female,91,2.209445585,19.49623546,1,0,1997-02-11,2015-09-18
614,1970-11-01,1990-05-01,Male,119,0.733744011,19.49623546,1,14.16837782,1985-05-10,1989-07-13
615,1989-11-01,2009-05-01,Female,15,2.034223135,19.49623546,1,0,1999-07-24,2007-07-17
616,1986-11-01,2006-05-01,Female,11,0.947296372,19.49623546,1,0,2002-03-28,2004-11-09
617,1981-11-01,2001-05-01,Male,11,2.532511978,19.49623546,1,3.167693361,1995-08-07,1999-10-21
618,1987-11-01,2007-05-01,Female,8,1.612594114,19.49623546,1,0,2001-09-20,2005-07-09
619,1981-11-01,2001-05-01,Male,54,1.713894593,19.49623546,1,3.167693361,1991-04-06,1999-10-04
620,1996-10-18,2016-05-01,Female,52,2.01779603,19.53456537,1,0,1996-10-19,2014-09-24
621,2000-05-01,NA,Female,49,1.713894593,19.66872005,0,0,2001-08-23,2015-09-02
622,1999-12-01,NA,Male,117,1.817932923,20.08487337,0,0,2000-07-02,2019-12-07
623,1999-11-01,NA,Female,35,1.735797399,20.1670089,0,0,2002-07-24,2015-08-26
624,1999-11-01,NA,Male,103,1.639972621,20.1670089,0,0,2001-07-26,2019-10-08
625,1999-11-01,NA,Female,71,1.765913758,20.1670089,0,0,2001-07-07,2019-07-17
626,1999-11-01,NA,Female,11,2.078028747,20.1670089,0,0,2013-08-04,2019-07-18
627,1999-11-01,NA,Male,52,4.837782341,20.1670089,0,0,2001-07-09,2019-10-30
628,1999-11-01,NA,Male,18,5.80698152,20.1670089,0,0,2001-09-20,2016-06-19
629,1999-11-01,NA,Female,39,4.043805613,20.1670089,0,0,2002-04-16,2019-07-03
630,1999-10-15,NA,Female,272,0.83504449,20.21355236,0,0,2000-05-28,2019-12-04
631,1988-11-01,2009-05-01,Female,44,1.886379192,20.49555099,1,0,1996-09-13,2006-11-09
632,1974-11-01,1995-05-01,Male,20,1.292265572,20.49555099,1,10.16837782,1988-12-07,1994-09-15
633,1977-11-01,1998-05-01,Male,19,0.594113621,20.49555099,1,7.167693361,1991-10-14,1997-05-14
634,1988-11-01,2009-05-01,Female,96,1.04312115,20.49555099,1,0,1994-07-21,2007-07-18
635,1975-11-01,1996-05-01,Male,26,1.724845996,20.49828884,1,9.169062286,1987-09-21,1994-09-06
636,1991-11-01,2012-05-01,Male,7,2.929500342,20.49828884,1,0,2002-06-26,2009-11-11
637,1987-11-01,2008-05-01,Female,6,2.083504449,20.49828884,1,0,2001-09-09,2006-05-15
638,1987-11-01,2008-05-01,Male,6,1.771389459,20.49828884,1,0,2002-07-23,2006-07-20
639,1990-10-01,2011-05-01,Female,197,1.812457221,20.58042437,1,0,1990-11-10,2010-11-01
640,1998-12-12,2019-07-26,Female,501,0.821355236,20.61875428,1,0,1999-04-08,2019-07-19
641,1999-05-17,NA,Female,130,1.886379192,20.62696783,0,0,1999-06-17,2019-06-12
642,1999-01-01,NA,Female,67,1.976728268,20.99931554,0,0,2002-06-18,2019-11-10
643,1998-12-15,NA,Male,155,1.711156742,21.045859,0,0,1999-02-25,2015-09-09
644,1998-11-14,NA,Male,482,0.845995893,21.13073238,0,0,1998-11-15,2019-12-07
645,1998-11-01,NA,Male,10,2.976043806,21.16632444,0,0,2009-09-17,2016-05-25
646,1998-11-01,NA,Female,109,1.70294319,21.16632444,0,0,1999-06-16,2017-10-02
647,1998-11-01,NA,Female,46,2.026009582,21.16632444,0,0,2002-06-30,2019-06-30
648,1998-11-01,NA,Female,22,2.097193703,21.16632444,0,0,2009-07-04,2019-06-19
649,1998-11-01,NA,Male,21,4.755646817,21.16632444,0,0,1999-08-22,2019-11-16
650,1998-11-01,NA,Female,14,6.036960986,21.16632444,0,0,2002-03-28,2016-06-02
651,1998-11-01,NA,Unknown,21,5.744010951,21.16632444,0,0,1999-07-11,2009-07-17
652,1998-10-19,NA,Female,426,0.892539357,21.2019165,0,0,1998-10-29,2019-12-02
653,1985-11-01,2007-05-01,Female,106,0.711841205,21.49486653,1,0,1988-10-29,2005-03-27
654,1980-11-01,2002-05-01,Female,48,2.01779603,21.49486653,1,4.167008898,1988-05-10,1999-04-30
655,1989-11-01,2011-05-01,Male,6,2.872005476,21.49486653,1,0,1999-09-19,2008-07-02
656,1984-11-01,2006-05-01,Unknown,5,1.448323066,21.49486653,1,0.167008898,2001-09-25,2004-11-21
657,1989-11-01,2011-05-01,Male,165,1.026694045,21.49486653,1,0,1993-08-06,2010-10-26
658,1965-11-01,1987-05-01,Male,35,0.733744011,21.49486653,1,19.16769336,1985-06-22,1986-08-17
659,1973-11-01,1995-05-01,Male,61,0.971937029,21.49486653,1,11.16769336,1985-05-10,1994-05-11
660,1982-11-01,2004-05-01,Male,10,1.826146475,21.49760438,1,2.168377823,1998-04-17,2002-04-23
661,1983-11-01,2005-05-01,Female,9,1.941136208,21.49760438,1,1.169062286,1996-10-09,2003-08-18
662,1990-11-01,2012-05-01,Male,143,0.952772074,21.49760438,1,0,1992-06-16,2008-07-04
663,1979-11-01,2001-05-01,Unknown,5,1.303216975,21.49760438,1,5.169062286,1993-04-09,1999-08-23
664,1998-02-01,NA,Female,33,3.052703628,21.9137577,0,0,1998-05-02,2019-07-24
665,1998-01-15,NA,Male,112,2.43394935,21.96030116,0,0,1998-03-27,2019-07-18
666,1997-12-13,NA,Female,783,0.826830938,22.05065024,0,0,1997-12-14,2019-12-07
667,1997-11-01,NA,Male,64,2.105407255,22.16563997,0,0,1998-08-01,2018-09-22
668,1997-11-01,NA,Female,99,2.064339493,22.16563997,0,0,1998-07-09,2018-08-19
669,1997-11-01,NA,Female,153,1.708418891,22.16563997,0,0,1998-03-28,2019-12-07
670,1997-11-01,NA,Male,36,1.850787132,22.16563997,0,0,2002-07-29,2019-06-20
671,1997-11-01,NA,Male,40,1.850787132,22.16563997,0,0,2002-08-30,2019-06-20
672,1997-11-01,NA,Male,105,2.179329227,22.16563997,0,0,1998-05-23,2019-07-18
673,1997-11-01,NA,Male,94,2.951403149,22.16563997,0,0,1997-11-08,2019-07-03
674,1997-11-01,NA,Female,50,1.620807666,22.16563997,0,0,2006-07-20,2019-10-09
675,1997-11-01,NA,Female,145,1.185489391,22.16563997,0,0,1998-05-05,2019-10-29
676,1997-10-15,NA,Female,80,3.206023272,22.21218344,0,0,1997-11-02,2019-06-30
677,1997-10-08,NA,Female,510,0.845995893,22.23134839,0,0,1997-10-10,2019-12-03
678,1997-09-15,NA,Male,75,1.886379192,22.29431896,0,0,1997-10-01,2019-11-16
679,1972-11-01,1995-05-01,Male,182,0.793976728,22.49418207,1,12.1670089,1985-05-06,1994-08-08
680,1985-11-01,2008-05-01,Female,24,2.088980151,22.49691992,1,0,1999-06-17,2005-07-02
681,1985-11-01,2008-05-01,Female,7,1.442847365,22.49691992,1,0,2000-05-07,2006-08-30
682,1979-11-01,2002-05-01,Female,68,0.980150582,22.49691992,1,5.169062286,1990-03-24,2000-09-27
683,1989-11-01,2012-05-01,Female,21,2.658453114,22.49691992,1,0,1996-12-16,2009-10-27
684,1987-11-01,2010-05-01,Unknown,30,0.810403833,22.49691992,1,0,1990-08-27,2006-09-10
685,1987-11-01,2010-05-01,Female,12,1.987679671,22.49691992,1,0,1999-08-25,2006-09-29
686,1979-11-01,2002-05-01,Female,48,1.106091718,22.49691992,1,5.169062286,1990-03-24,2001-09-05
687,1967-11-01,1990-05-01,Male,142,0.741957563,22.49691992,1,17.16906229,1985-05-10,1990-04-23
688,1994-11-01,2017-05-01,Male,10,0.793976728,22.49691992,1,0,2012-09-14,2016-06-19
689,1992-11-01,2015-07-28,Female,25,2.858316222,22.73511294,1,0,1999-09-01,2014-07-01
690,1996-12-31,NA,Male,72,2.557152635,23.00068446,0,0,1997-01-16,2019-10-30
691,1996-12-12,NA,Female,60,2.962354552,23.05270363,0,0,1997-04-09,2017-07-24
692,1996-11-01,NA,Male,46,2.869267625,23.16495551,0,0,1997-04-19,2019-11-16
693,1996-11-01,NA,Female,90,1.174537988,23.16495551,0,0,1999-07-24,2019-08-03
694,1996-11-01,NA,Male,19,1.14715948,23.16495551,0,0,2012-09-14,2019-11-16
695,1996-11-01,NA,Female,66,2.22587269,23.16495551,0,0,2002-07-24,2019-07-18
696,1996-11-01,NA,Male,34,2.830937714,23.16495551,0,0,1997-06-24,2017-05-30
697,1996-11-01,NA,Female,44,3.523613963,23.16495551,0,0,1998-05-02,2019-10-03
698,1996-10-18,NA,Male,34,10.0698152,23.20328542,0,0,1996-10-19,2016-05-25
699,1996-10-01,NA,Male,100,2.015058179,23.24982888,0,0,1996-10-08,2019-10-30
700,1968-11-01,1992-05-01,Male,8,0.862422998,23.49623546,1,16.1670089,1988-11-04,1991-04-04
701,1965-11-01,1989-05-01,Male,104,0.736481862,23.49623546,1,19.16769336,1985-05-10,1989-04-12
702,1976-11-01,2000-05-01,Female,9,1.015742642,23.49623546,1,8.167008898,1994-05-15,1998-12-05
703,1984-11-01,2008-05-01,Female,88,1.451060917,23.49623546,1,0.167008898,1995-08-10,2007-07-29
704,1986-11-01,2010-05-01,Male,12,2.926762491,23.49623546,1,0,1999-08-25,2006-07-20
705,1984-11-01,2008-05-01,Unknown,8,1.158110883,23.49623546,1,0.167008898,2003-07-08,2006-08-17
706,1981-11-01,2005-05-01,Unknown,7,0.793976728,23.49623546,1,3.167693361,2002-06-12,2004-10-29
707,1974-11-01,1998-05-01,Female,5,0.607802875,23.49623546,1,10.16837782,1993-04-10,1994-05-11
708,1984-11-01,2008-05-01,Female,9,2.858316222,23.49623546,1,0.167008898,1997-04-18,2004-11-15
709,1994-10-25,2018-07-27,Female,763,0.818617385,23.75359343,1,0,1995-07-21,2018-07-26
710,1970-11-01,1994-11-01,Female,160,0.733744011,24,1,14.16837782,1985-05-10,1994-05-14
711,1995-11-01,NA,Male,86,2.527036277,24.1670089,0,0,1996-06-25,2019-10-30
712,1995-11-01,NA,Male,28,2.973305955,24.1670089,0,0,2004-08-27,2017-05-30
713,1995-11-01,NA,Male,28,2.179329227,24.1670089,0,0,2006-08-14,2017-05-30
714,1995-11-01,NA,Male,117,1.70294319,24.1670089,0,0,1997-11-02,2019-05-27
715,1995-11-01,NA,Female,82,3.326488706,24.1670089,0,0,1997-07-16,2019-07-02
716,1995-11-01,NA,Female,55,4.971937029,24.1670089,0,0,1997-11-02,2019-06-08
717,1995-11-01,NA,Female,74,3.915126626,24.1670089,0,0,1996-06-28,2019-09-25
718,1977-11-01,2002-05-01,Female,12,0.563997262,24.49555099,1,7.167693361,1997-05-24,1998-08-06
719,1981-11-01,2006-05-01,Male,32,1.826146475,24.49555099,1,3.167693361,1997-05-24,2004-10-28
720,1981-11-01,2006-05-01,Unknown,7,2.012320329,24.49555099,1,3.167693361,2001-08-03,2004-11-09
721,1969-11-01,1994-05-01,Male,26,1.571526352,24.49555099,1,15.16769336,1987-09-21,1993-09-23
722,1995-05-01,NA,Male,108,2.173853525,24.67077344,0,0,1996-10-09,2019-06-20
723,1995-05-01,NA,Male,48,3.214236824,24.67077344,0,0,1996-06-28,2015-10-01
724,1967-11-01,1992-07-10,Female,143,0.83504449,24.6899384,1,17.16906229,1985-06-13,1992-06-30
725,1983-11-01,2008-07-23,Female,402,0.887063655,24.72553046,1,1.169062286,1985-05-23,2008-07-17
726,1994-11-01,NA,Female,170,1.549623546,25.16632444,0,0,1995-08-12,2019-07-03
727,1994-11-01,NA,Male,97,1.722108145,25.16632444,0,0,1997-04-25,2016-05-19
728,1994-11-01,NA,Male,270,1.248459959,25.16632444,0,0,1997-07-26,2019-11-15
729,1994-11-01,NA,Female,117,1.645448323,25.16632444,0,0,1995-07-18,2017-07-22
730,1994-11-01,NA,Male,16,2.973305955,25.16632444,0,0,2003-07-03,2015-06-02
731,1994-11-01,NA,Female,611,0.821355236,25.16632444,0,0,1995-07-18,2019-12-07
732,1994-11-01,NA,Female,73,4.832306639,25.16632444,0,0,1996-10-21,2018-09-04
733,1988-11-01,2014-05-01,Male,67,1.733059548,25.49486653,1,0,1997-06-16,2012-06-13
734,1988-11-01,2014-05-01,Male,23,2.95687885,25.49486653,1,0,1998-07-19,2011-10-01
735,1981-11-01,2007-05-01,Male,38,1.713894593,25.49486653,1,3.167693361,1996-09-02,2005-08-28
736,1972-11-01,1998-05-01,Female,239,0.186173854,25.49486653,1,12.1670089,1985-06-30,1998-01-28
737,1978-11-01,2004-05-01,Unknown,16,2.105407255,25.49760438,1,6.168377823,1990-08-13,2002-10-27
738,1983-11-01,2009-05-01,Male,303,1.026694045,25.49760438,1,1.169062286,1985-07-09,2008-08-14
739,1989-11-01,2015-06-18,Female,919,0.845995893,25.62628337,1,0,1990-03-17,2015-06-10
740,1993-12-22,NA,Female,100,3.422313484,26.02600958,0,0,1994-04-22,2018-09-16
741,1993-12-01,NA,Female,165,1.377138946,26.08350445,0,0,1994-03-16,2019-12-07
742,1993-11-01,NA,Unknown,15,2.828199863,26.16563997,0,0,2002-07-29,2015-08-26
743,1993-11-01,NA,Female,65,2.937713895,26.16563997,0,0,1995-07-23,2019-11-16
744,1993-11-01,NA,Male,41,2.362765229,26.16563997,0,0,1994-04-07,2016-05-23
745,1993-11-01,NA,Male,123,4.848733744,26.16563997,0,0,1996-09-18,2019-12-04
746,1993-11-01,NA,Female,40,3.419575633,26.16563997,0,0,1996-06-23,2015-08-06
747,1984-11-01,2011-05-01,Male,193,1.026694045,26.49418207,1,0.167008898,1990-04-09,2010-12-15
748,1968-11-01,1995-05-01,Male,27,1.757700205,26.49418207,1,16.1670089,1987-07-27,1994-08-18
749,1980-11-01,2007-05-01,Female,15,1.880903491,26.49418207,1,4.167008898,1990-11-25,2003-12-23
750,1984-11-01,2011-05-01,Male,24,1.826146475,26.49418207,1,0.167008898,1994-09-18,2007-07-18
751,1982-11-01,2009-05-01,Male,16,2.918548939,26.49691992,1,2.168377823,1993-07-21,2004-08-27
752,1971-11-01,1998-05-01,Female,120,0.331279945,26.49691992,1,13.16906229,1985-07-09,1998-01-10
753,1983-11-01,2010-05-01,Male,31,2.639288159,26.49691992,1,1.169062286,1997-07-07,2007-07-29
754,1965-11-01,1992-05-01,Male,143,0.804928131,26.49691992,1,19.16769336,1985-05-13,1991-11-17
755,1983-11-01,2010-05-01,Male,26,1.859000684,26.49691992,1,1.169062286,1996-09-08,2008-07-04
756,1992-12-06,NA,Female,1028,0.851471595,27.06913073,0,0,1992-12-07,2019-12-07
757,1992-11-01,NA,Male,18,2.976043806,27.16495551,0,0,2003-07-25,2016-06-20
758,1992-11-01,NA,Female,62,2.135523614,27.16495551,0,0,1993-03-28,2019-07-03
759,1992-11-01,NA,Female,55,2.067077344,27.16495551,0,0,1999-04-05,2019-07-18
760,1992-11-01,NA,Female,114,3.140314853,27.16495551,0,0,1993-07-01,2019-09-25
761,1975-11-01,2003-05-01,Male,44,0.616016427,27.49623546,1,9.169062286,1988-10-07,2000-07-02
762,1981-11-01,2009-05-01,Male,44,2.124572211,27.49623546,1,3.167693361,1997-07-07,2007-07-29
763,1978-11-01,2006-05-01,Female,10,0.785763176,27.49623546,1,6.168377823,2001-09-21,2004-09-19
764,1980-11-01,2008-05-01,Female,108,0.908966461,27.49623546,1,4.167008898,1990-03-28,2006-09-06
765,1966-11-01,1994-05-01,Female,18,1.262149213,27.49623546,1,18.16837782,1987-07-26,1993-07-23
766,1974-11-01,2002-05-01,Female,27,0.83504449,27.49623546,1,10.16837782,1995-08-10,2001-09-20
767,1971-11-01,1999-05-01,Male,22,0.668035592,27.49623546,1,13.16906229,1987-07-27,1997-06-23
768,1977-11-01,2005-05-01,Male,55,1.954825462,27.49623546,1,7.167693361,1993-04-16,2003-03-20
769,1982-11-01,2010-05-01,Female,27,1.656399726,27.49623546,1,2.168377823,1996-06-30,2006-08-02
770,1982-11-01,2010-07-01,Female,84,1.100616016,27.66324435,1,2.168377823,1992-07-24,2010-06-03
771,1980-11-01,2008-11-01,Male,118,0.892539357,28,1,4.167008898,1991-10-14,2006-08-24
772,1992-01-01,NA,Female,97,4.153319644,28,0,0,1993-03-28,2019-07-17
773,1991-11-01,NA,Male,48,2.872005476,28.1670089,0,0,2002-05-28,2017-11-10
774,1991-11-01,NA,Male,197,1.623545517,28.1670089,0,0,1992-06-18,2017-05-30
775,1991-11-01,NA,Male,97,2.321697467,28.1670089,0,0,1996-09-02,2019-07-17
776,1991-11-01,NA,Female,208,0.985626283,28.1670089,0,0,1994-07-11,2019-12-07
777,1991-11-01,NA,Female,37,2.069815195,28.1670089,0,0,1999-10-04,2015-09-17
778,1991-10-10,NA,Male,61,6.039698836,28.22724162,0,0,1991-11-03,2016-05-29
779,1991-09-29,NA,Female,541,0.845995893,28.25735797,0,0,1991-09-30,2019-11-27
780,1982-11-01,2011-05-01,Female,40,1.746748802,28.49555099,1,2.168377823,1993-03-22,2006-11-09
781,1978-11-01,2007-05-01,Male,5,1.133470226,28.49555099,1,6.168377823,2002-07-10,2006-10-25
782,1966-11-01,1995-05-01,Female,125,0.777549624,28.49555099,1,18.16837782,1985-08-22,1994-08-10
783,1978-11-01,2007-05-01,Female,25,1.70294319,28.49555099,1,6.168377823,1999-08-22,2004-08-21
784,1966-11-01,1995-05-01,Male,9,1.713894593,28.49555099,1,18.16837782,1989-07-12,1993-04-15
785,1972-11-01,2001-05-01,Male,43,1.174537988,28.49555099,1,12.1670089,1990-04-07,2000-09-07
786,1983-11-01,2012-05-01,Male,35,1.889117043,28.49828884,1,1.169062286,1996-09-08,2010-11-01
787,1971-11-01,2000-05-01,Male,66,0.76386037,28.49828884,1,13.16906229,1992-11-01,1999-10-04
788,1966-11-01,1995-11-01,Male,24,1.292265572,28.99931554,1,18.16837782,1988-12-07,1994-05-10
789,1990-11-01,NA,Female,102,1.911019849,29.16632444,0,0,1997-04-26,2019-12-03
790,1990-11-01,NA,Female,132,1.776865161,29.16632444,0,0,1993-09-21,2019-10-03
791,1978-11-01,2008-02-01,Female,973,0.624229979,29.25119781,1,6.168377823,1985-05-18,2007-08-06
792,1990-10-01,NA,Male,700,0.851471595,29.25119781,0,0,1990-10-23,2019-12-04
793,1985-11-01,2015-05-01,Male,18,2.729637235,29.49486653,1,0,1998-06-26,2012-09-19
794,1965-11-01,1995-05-01,Unknown,55,2.097193703,29.49486653,1,19.16769336,1985-07-02,1993-09-03
795,1977-11-01,2007-05-01,Female,30,2.119096509,29.49486653,1,7.167693361,1992-06-09,2004-11-21
796,1980-11-01,2010-05-01,Male,38,2.674880219,29.49486653,1,4.167008898,1996-06-29,2007-07-02
797,1984-11-01,2014-05-01,Female,7,2.959616701,29.49486653,1,0.167008898,1999-09-10,2008-06-24
798,1979-11-01,2009-05-01,Female,34,1.889117043,29.49760438,1,5.169062286,1991-03-03,2006-08-02
799,1962-11-01,1992-05-01,Male,34,1.366187543,29.49760438,1,22.16837782,1985-05-15,1990-03-28
800,1986-11-01,2016-05-01,Male,93,1.746748802,29.49760438,1,0,1998-05-15,2014-07-04
801,1983-11-01,2013-05-01,Female,12,2.95687885,29.49760438,1,1.169062286,1999-08-31,2010-07-29
802,1988-10-15,2018-05-01,Male,421,1.026694045,29.54140999,1,0,1988-12-07,2016-10-22
803,1985-11-01,2015-09-01,Female,32,2.850102669,29.83162218,1,0,1995-08-10,2013-07-22
804,1976-11-01,2006-11-01,Female,38,2.770704997,29.99863107,1,8.167008898,1996-06-23,2004-11-16
805,1989-11-01,NA,Male,41,2.088980151,30.16563997,0,0,1997-04-18,2019-12-07
806,1989-11-01,NA,Female,49,2.091718001,30.16563997,0,0,2001-08-08,2019-10-09
807,1989-11-01,NA,Male,50,1.875427789,30.16563997,0,0,1992-06-09,2019-05-15
808,1989-11-01,NA,Male,161,2.004106776,30.16563997,0,0,1992-12-03,2019-12-04
809,1989-11-01,NA,Female,230,1.593429158,30.16563997,0,0,1996-09-20,2019-11-23
810,1989-11-01,NA,Male,526,0.851471595,30.16563997,0,0,1996-10-26,2019-11-15
811,1989-11-01,NA,Male,207,1.117043121,30.16563997,0,0,1997-03-23,2019-12-04
812,1989-11-01,NA,Male,38,2.362765229,30.16563997,0,0,1992-11-01,2015-09-18
813,1989-11-01,NA,Female,113,2.277891855,30.16563997,0,0,1993-07-16,2019-10-18
814,1989-11-01,NA,Male,111,2.078028747,30.16563997,0,0,1996-09-02,2019-12-04
815,1989-11-01,NA,Female,68,4.325804244,30.16563997,0,0,1997-04-29,2019-12-03
816,1986-11-01,2017-04-03,Female,471,0.911704312,30.4202601,1,0,1987-05-04,2016-10-22
817,1972-11-01,2003-05-01,Female,78,1.174537988,30.49418207,1,12.1670089,1988-05-16,2002-07-30
818,1988-11-01,2019-05-01,Male,138,1.032169747,30.49418207,1,0,1996-09-20,2017-07-16
819,1964-11-01,1995-05-01,Male,23,1.848049281,30.49418207,1,20.1670089,1987-07-27,1994-06-29
820,1977-11-01,2008-05-01,Male,27,2.57357974,30.49691992,1,7.167693361,1996-08-30,2005-07-18
821,1986-11-01,2017-05-01,Male,95,1.908281999,30.49691992,1,0,1997-10-06,2015-09-09
822,1974-11-01,2005-05-01,Female,22,2.29705681,30.49691992,1,10.16837782,1990-08-09,2004-12-08
823,1977-11-01,2008-05-01,Unknown,7,2.877481177,30.49691992,1,7.167693361,1990-08-13,2002-05-01
824,1974-11-01,2005-05-01,Male,5,1.897330595,30.49691992,1,10.16837782,1999-09-10,2003-07-09
825,1978-11-01,2009-05-01,Female,5,2.850102669,30.49691992,1,6.168377823,2000-11-21,2006-10-20
826,1966-11-01,1997-05-01,Female,8,1.880903491,30.49691992,1,18.16837782,1992-06-26,1995-09-24
827,1979-11-01,2010-07-24,Male,206,1.11156742,30.72689938,1,5.169062286,1991-08-18,2010-07-07
828,1988-12-31,NA,Male,862,0.851471595,31.00068446,0,0,1989-04-02,2019-12-04
829,1988-11-01,NA,Male,31,2.688569473,31.16495551,0,0,1998-05-31,2016-05-23
830,1988-11-01,NA,Male,134,1.828884326,31.16495551,0,0,1996-09-03,2019-12-04
831,1988-11-01,NA,Female,5,2.784394251,31.16495551,0,0,2010-09-23,2017-05-31
832,1988-10-06,NA,Male,950,0.928131417,31.23613963,0,0,1988-10-13,2019-12-04
833,1979-12-25,2011-05-01,Female,704,0.856947296,31.34839151,1,5.021218344,1985-06-21,2010-12-06
834,1984-11-01,2016-04-15,Female,188,1.223819302,31.45242984,1,0.167008898,1987-07-26,2015-09-18
835,1985-11-01,2017-05-01,Male,108,2.036960986,31.49623546,1,0,1997-06-17,2015-09-29
836,1963-11-01,1995-05-01,Female,23,1.149897331,31.49623546,1,21.16906229,1988-05-13,1994-03-16
837,1976-11-01,2008-05-01,Female,15,1.941136208,31.49623546,1,8.167008898,1996-06-22,2006-08-02
838,1979-11-01,2011-05-01,Male,156,1.106091718,31.49623546,1,5.169062286,1990-08-26,2010-11-04
839,1985-11-01,2017-05-01,Female,70,3.039014374,31.49623546,1,0,1996-09-06,2015-09-09
840,1960-11-01,1992-05-08,Female,249,0.733744011,31.51540041,1,24.1670089,1985-05-09,1991-12-11
841,1967-11-01,1999-07-13,Male,27,1.60164271,31.69609856,1,17.16906229,1988-11-15,1999-07-03
842,1958-11-01,1990-08-01,Male,49,0.8678987,31.74811773,1,26.16837782,1985-05-15,1990-05-24
843,1987-11-01,NA,Female,16,2.872005476,32.1670089,0,0,2002-07-23,2014-12-27
844,1987-11-01,NA,Female,198,1.193702943,32.1670089,0,0,1988-12-07,2019-12-03
845,1987-11-01,NA,Male,115,2.078028747,32.1670089,0,0,1997-06-17,2019-12-04
846,1987-11-01,NA,Female,172,2.146475017,32.1670089,0,0,1988-05-18,2019-10-09
847,1987-11-01,NA,Female,33,2.097193703,32.1670089,0,0,2005-07-09,2019-06-27
848,1987-11-01,NA,Male,54,1.954825462,32.1670089,0,0,2002-07-22,2019-11-16
849,1987-11-01,NA,Female,81,2.138261465,32.1670089,0,0,1993-07-21,2019-10-09
850,1987-11-01,NA,Female,96,1.437371663,32.1670089,0,0,1997-10-22,2019-07-17
851,1982-11-01,2015-05-01,Female,8,0.966461328,32.49555099,1,2.168377823,1994-08-20,2005-09-11
852,1957-11-01,1990-05-01,Male,54,0.900752909,32.49555099,1,27.16769336,1985-05-22,1990-04-09
853,1961-11-01,1994-05-01,Male,136,0.900752909,32.49555099,1,23.16769336,1985-05-20,1993-05-09
854,1972-11-01,2005-05-01,Female,594,0.503764545,32.49555099,1,12.1670089,1985-06-29,2005-04-07
855,1961-11-01,1994-05-01,Male,18,0.807665982,32.49555099,1,23.16769336,1988-11-15,1993-07-23
856,1965-11-01,1998-05-01,Female,79,0.147843943,32.49555099,1,19.16769336,1988-07-17,1997-10-08
857,1974-11-01,2007-05-01,Male,41,0.804928131,32.49555099,1,10.16837782,2001-07-24,2006-05-28
858,1970-11-01,2003-05-01,Female,105,0.678986995,32.49555099,1,14.16837782,1987-07-26,2002-08-14
859,1977-11-01,2010-05-01,Male,636,0.818617385,32.49555099,1,7.167693361,1985-05-20,2009-07-17
860,1978-11-01,2011-05-01,Female,107,2.798083504,32.49555099,1,6.168377823,1989-05-31,2010-07-29
861,1979-11-01,2012-05-01,Female,51,1.790554415,32.49828884,1,5.169062286,1997-07-23,2010-08-03
862,1983-11-01,2016-05-01,Male,101,1.908281999,32.49828884,1,1.169062286,1996-09-09,2014-07-05
863,1983-11-01,2016-05-01,Male,43,2.789869952,32.49828884,1,1.169062286,2002-07-22,2013-11-14
864,1968-11-01,2001-07-26,Male,89,0.887063655,32.73100616,1,16.1670089,1988-08-19,2001-06-14
865,1962-11-01,1995-11-01,Female,7,1.760438056,32.99931554,1,22.16837782,1990-04-29,1994-04-19
866,1970-11-01,2003-11-01,Female,95,0.714579055,32.99931554,1,14.16837782,1988-08-10,2001-09-27
867,1986-11-01,NA,Female,51,2.762491444,33.16632444,0,0,1999-08-22,2019-11-23
868,1986-11-01,NA,Male,466,0.908966461,33.16632444,0,0,1987-05-24,2019-12-02
869,1986-11-01,NA,Male,308,0.928131417,33.16632444,0,0,1993-08-07,2019-12-02
870,1986-11-01,NA,Female,360,0.862422998,33.16632444,0,0,1988-07-17,2019-12-04
871,1986-11-01,NA,Male,48,2.940451745,33.16632444,0,0,2001-09-20,2019-09-25
872,1986-11-01,NA,Male,112,1.303216975,33.16632444,0,0,1998-06-22,2019-12-04
873,1984-11-01,2018-05-01,Male,55,2.940451745,33.49486653,1,0.167008898,1996-10-07,2015-09-17
874,1980-11-01,2014-05-01,Male,270,0.917180014,33.49486653,1,4.167008898,1989-06-12,2013-11-29
875,1974-11-01,2008-05-01,Male,230,0.876112252,33.49760438,1,10.16837782,1990-07-31,2007-08-05
876,1955-11-01,1989-05-01,Male,105,0.736481862,33.49760438,1,29.16906229,1985-05-10,1989-04-12
877,1975-11-01,2009-05-01,Female,76,0.993839836,33.49760438,1,9.169062286,1989-06-12,2005-10-22
878,1983-11-01,2017-05-01,Female,52,2.858316222,33.49760438,1,1.169062286,1997-11-02,2014-07-05
879,1974-11-01,2008-05-01,Male,72,1.631759069,33.49760438,1,10.16837782,1993-07-26,2006-11-09
880,1955-11-01,1989-08-01,Male,48,1.188227242,33.74948665,1,29.16906229,1985-05-13,1989-06-24
881,1979-11-01,2013-11-01,Female,165,0.977412731,34.00136893,1,5.169062286,1989-06-11,2011-06-27
882,1979-11-01,2013-11-23,Male,63,2.195756331,34.06160164,1,5.169062286,1990-09-15,2013-11-23
883,1985-11-01,NA,Female,102,2.239561944,34.16563997,0,0,1993-07-10,2019-12-03
884,1985-11-01,NA,Male,235,0.8678987,34.16563997,0,0,1995-08-15,2019-12-02
885,1985-11-01,NA,Female,64,2.01779603,34.16563997,0,0,2000-09-12,2019-12-03
886,1972-11-01,2007-05-01,Female,201,0.711841205,34.49418207,1,12.1670089,1991-09-11,2006-06-06
887,1972-11-01,2007-05-01,Male,105,0.793976728,34.49418207,1,12.1670089,1990-03-24,2006-10-21
888,1968-11-01,2003-05-01,Female,670,0.503764545,34.49418207,1,16.1670089,1985-06-12,2002-08-14
889,1972-11-01,2007-05-01,Male,109,1.11430527,34.49418207,1,12.1670089,1992-08-15,2006-08-03
890,1969-11-01,2004-05-01,Female,128,0.982888433,34.49691992,1,15.16769336,1988-05-10,2003-05-02
891,1969-11-01,2004-05-01,Male,68,1.401779603,34.49691992,1,15.16769336,1988-11-04,2003-11-11
892,1955-11-01,1990-05-01,Male,138,0.733744011,34.49691992,1,29.16906229,1985-05-10,1989-07-13
893,1974-11-01,2009-05-01,Male,7,2.954140999,34.49691992,1,10.16837782,1999-08-28,2006-09-16
894,1958-11-01,1993-05-01,Female,19,1.84257358,34.49691992,1,26.16837782,1988-11-09,1991-10-28
895,1971-11-01,2006-05-01,Male,102,0.728268309,34.49691992,1,13.16906229,1988-12-07,2005-08-27
896,1966-11-01,2001-05-01,Female,25,0.761122519,34.49691992,1,18.16837782,1992-10-21,1998-10-15
897,1974-11-01,2009-05-01,Female,11,2.707734428,34.49691992,1,10.16837782,1999-09-19,2006-05-13
898,1978-11-01,2013-05-01,Female,30,2.926762491,34.49691992,1,6.168377823,1997-11-11,2010-08-05
899,1977-11-01,2012-05-01,Male,97,2.006844627,34.49691992,1,7.167693361,1990-03-31,2010-04-07
900,1959-11-01,1994-05-01,Female,23,1.119780972,34.49691992,1,25.16906229,1988-07-05,1993-09-09
901,1973-11-01,2008-05-01,Male,6,1.133470226,34.49691992,1,11.16769336,2002-07-10,2006-10-25
902,1960-11-01,1995-07-26,Female,309,0.840520192,34.72963723,1,24.1670089,1985-05-20,1995-07-22
903,1984-11-01,NA,Female,735,0.917180014,35.16495551,0,0.167008898,1985-05-23,2019-10-29
904,1984-11-01,NA,Female,53,1.921971253,35.16495551,0,0.167008898,1999-08-22,2018-06-27
905,1976-11-01,2012-05-01,Female,38,2.967830253,35.49623546,1,8.167008898,1991-05-16,2009-10-18
906,1965-11-01,2001-05-01,Male,62,1.00752909,35.49623546,1,19.16769336,1988-11-04,2000-11-01
907,1977-11-01,2013-05-01,Male,15,2.376454483,35.49623546,1,7.167693361,1999-08-25,2010-11-09
908,1971-11-01,2007-05-01,Female,93,0.533880903,35.49623546,1,13.16906229,2001-06-27,2006-09-16
909,1981-11-01,2017-05-01,Female,144,0.963723477,35.49623546,1,3.167693361,1992-06-18,2014-10-18
910,1965-11-01,2001-05-01,Female,105,0.980150582,35.49623546,1,19.16769336,1987-09-14,2000-12-01
911,1966-11-01,2002-05-01,Male,83,0.76386037,35.49623546,1,18.16837782,1987-07-27,2001-09-05
912,1979-11-01,2015-05-01,Male,166,1.771389459,35.49623546,1,5.169062286,1991-11-12,2013-10-07
913,1979-11-01,2015-05-01,Male,299,1.144421629,35.49623546,1,5.169062286,1985-05-10,2014-07-15
914,1982-11-01,2018-05-01,Female,61,2.814510609,35.49623546,1,2.168377823,1993-09-05,2015-06-03
915,1977-11-01,2013-05-01,Female,60,2.253251198,35.49623546,1,7.167693361,1992-12-03,2010-10-17
916,1966-11-01,2002-05-01,Female,56,1.14715948,35.49623546,1,18.16837782,1985-06-30,2000-06-24
917,1960-11-01,1996-05-01,Female,168,0.845995893,35.49623546,1,24.1670089,1985-05-23,1995-08-17
918,1967-11-01,2003-05-01,Female,455,0.569472964,35.49623546,1,17.16906229,1985-05-20,2003-03-15
919,1971-11-01,2007-05-01,Male,95,0.952772074,35.49623546,1,13.16906229,1990-08-12,2006-09-14
920,1983-11-01,NA,Female,81,2.592744695,36.1670089,0,1.169062286,1994-06-26,2019-07-02
921,1980-11-01,2017-05-01,Male,101,1.968514716,36.49555099,1,4.167008898,1991-09-22,2015-05-12
922,1982-11-01,2019-05-01,Male,253,0.928131417,36.49555099,1,2.168377823,1991-09-22,2017-07-19
923,1972-11-01,2009-05-01,Female,44,1.790554415,36.49555099,1,12.1670089,1988-04-23,2005-10-20
924,1972-11-01,2009-05-01,Female,59,2.532511978,36.49555099,1,12.1670089,1989-06-28,2006-07-25
925,1971-11-01,2008-05-01,Male,577,0.709103354,36.49828884,1,13.16906229,1985-05-06,2007-06-11
926,1982-11-01,NA,Male,42,2.29431896,37.16632444,0,2.168377823,1999-09-12,2019-11-26
927,1982-11-01,NA,Female,171,1.880903491,37.16632444,0,2.168377823,1991-05-16,2019-10-09
928,1982-11-01,NA,Male,161,2.729637235,37.16632444,0,2.168377823,1992-09-22,2019-12-03
929,1982-11-01,NA,Female,65,1.650924025,37.16632444,0,2.168377823,2001-08-23,2017-06-19
930,1982-11-01,NA,Male,340,0.90349076,37.16632444,0,2.168377823,1991-10-12,2019-12-02
931,1982-11-01,NA,Male,54,1.954825462,37.16632444,0,2.168377823,2002-07-22,2019-11-16
932,1982-11-01,NA,Male,379,1.026694045,37.16632444,0,2.168377823,1991-10-16,2019-12-02
933,1982-11-01,NA,Male,211,1.724845996,37.16632444,0,2.168377823,1995-08-10,2017-07-22
934,1977-11-01,2015-05-01,Male,153,2.028747433,37.49486653,1,7.167693361,1989-04-17,2013-11-09
935,1964-11-01,2002-05-01,Female,249,0.635181383,37.49486653,1,20.1670089,1985-06-22,2001-08-09
936,1974-11-01,2012-05-01,Female,34,2.012320329,37.49760438,1,10.16837782,1991-09-12,2010-11-09
937,1966-11-01,2004-05-01,Male,99,0.692676249,37.49760438,1,18.16837782,1990-05-11,2002-07-30
938,1981-11-01,NA,Female,116,2.036960986,38.16563997,0,3.167693361,1990-09-14,2019-07-17
939,1981-11-01,NA,Male,116,2.425735797,38.16563997,0,3.167693361,1994-08-20,2019-05-15
940,1981-11-01,NA,Male,363,1.026694045,38.16563997,0,3.167693361,1990-04-09,2019-12-02
941,1981-11-01,NA,Male,49,2.652977413,38.16563997,0,3.167693361,1999-09-17,2019-11-16
942,1981-11-01,NA,Female,47,3.994524298,38.16563997,0,3.167693361,1994-04-07,2019-11-16
943,1972-11-01,2011-05-01,Female,108,2.264202601,38.49418207,1,12.1670089,1993-06-28,2009-10-10
944,1978-11-01,2017-05-01,Male,82,2.95687885,38.49691992,1,6.168377823,1997-11-02,2014-07-05
945,1966-11-01,2005-05-01,Female,266,0.618754278,38.49691992,1,18.16837782,1985-08-09,2004-08-14
946,1973-11-01,2012-05-01,Female,45,2.962354552,38.49691992,1,11.16769336,1998-06-27,2009-11-07
947,1973-11-01,2012-05-01,Female,65,2.932238193,38.49691992,1,11.16769336,1993-07-23,2010-04-07
948,1967-11-01,2006-09-01,Female,194,0.807665982,38.83367556,1,17.16906229,1986-06-05,2006-07-13
949,1980-11-01,NA,Male,118,2.685831622,39.16495551,0,4.167008898,1991-04-04,2016-05-30
950,1980-11-01,NA,Female,11,2.746064339,39.16495551,0,4.167008898,2006-10-25,2017-06-14
951,1980-11-01,NA,Male,360,0.928131417,39.16495551,0,4.167008898,1986-05-18,2019-11-09
952,1980-11-01,NA,Male,396,1.075975359,39.16495551,0,4.167008898,1988-12-22,2019-12-03
953,1980-11-01,NA,Male,53,2.937713895,39.16495551,0,4.167008898,1996-09-13,2017-10-13
954,1979-11-01,2019-03-25,Female,952,0.878850103,39.39493498,1,5.169062286,1985-05-15,2018-10-12
955,1972-11-01,2012-05-01,Male,20,2.310746064,39.49623546,1,12.1670089,2001-08-02,2010-10-16
956,1960-11-01,2000-05-01,Male,382,0.334017796,39.49623546,1,24.1670089,1985-05-10,1999-11-04
957,1974-11-01,2014-05-01,Female,141,1.382614648,39.49623546,1,10.16837782,1990-08-27,2013-06-08
958,1974-11-01,2014-05-01,Female,224,0.985626283,39.49623546,1,10.16837782,1985-07-02,2013-11-29
959,1972-11-01,2012-05-01,Female,93,1.754962355,39.49623546,1,12.1670089,1990-09-14,2011-10-01
960,1974-11-01,2014-05-01,Male,154,2.19301848,39.49623546,1,10.16837782,1987-09-21,2013-10-30
961,1975-12-29,2015-07-06,Female,901,0.873374401,39.51813826,1,9.01026694,1985-05-06,2015-07-01
962,1972-11-01,2012-11-01,Female,62,2.239561944,40,1,12.1670089,1993-09-21,2009-11-04
963,1979-11-01,2020-05-01,Female,226,1.448323066,40.1670089,0,5.169062286,1989-05-29,2018-08-26
964,1979-11-01,NA,Female,144,1.549623546,40.1670089,0,5.169062286,1994-03-16,2019-10-08
965,1973-11-01,2014-05-01,Male,104,1.659137577,40.49555099,1,11.16769336,1989-07-11,2013-06-22
966,1966-11-01,2007-05-01,Male,163,1.021218344,40.49555099,1,18.16837782,1988-08-13,2006-10-19
967,1965-11-01,2006-05-01,Male,562,0.506502396,40.49555099,1,19.16769336,1985-06-22,2005-11-22
968,1974-11-01,2015-05-01,Male,134,2.899383984,40.49555099,1,10.16837782,1991-04-04,2013-11-15
969,1977-11-01,2018-05-01,Female,36,2.844626968,40.49555099,1,7.167693361,1989-06-16,2015-08-17
970,1967-11-01,2008-05-01,Male,188,0.744695414,40.49828884,1,17.16906229,1990-03-24,2007-06-24
971,1978-11-01,NA,Male,192,1.921971253,41.16632444,0,6.168377823,1989-06-11,2019-08-03
972,1978-11-01,NA,Male,68,2.702258727,41.16632444,0,6.168377823,1990-03-30,2019-11-26
973,1978-11-01,NA,Male,318,0.928131417,41.16632444,0,6.168377823,1989-05-31,2019-12-02
974,1972-11-01,2014-05-01,Male,238,0.952772074,41.49486653,1,12.1670089,1985-05-15,2013-05-19
975,1965-11-01,2007-05-01,Female,43,2.078028747,41.49486653,1,19.16769336,1990-09-28,2005-04-07
976,1964-11-01,2006-05-01,Female,13,0.728268309,41.49486653,1,20.1670089,1997-06-15,1999-06-21
977,1977-11-01,2019-05-01,Male,156,2.907597536,41.49486653,1,7.167693361,1991-04-06,2016-05-13
978,1966-11-01,2008-05-01,Male,210,0.744695414,41.49760438,1,18.16837782,1988-08-13,2007-06-08
979,1977-11-01,NA,Female,68,2.373716632,42.16563997,0,7.167693361,1995-08-12,2019-12-03
980,1977-11-01,NA,Male,143,2.685831622,42.16563997,0,7.167693361,1992-07-27,2019-06-12
981,1977-11-01,NA,Female,118,1.360711841,42.16563997,0,7.167693361,1992-10-20,2017-07-22
982,1977-11-01,NA,Male,156,2.899383984,42.16563997,0,7.167693361,1990-03-31,2019-12-03
983,1976-12-01,2019-03-22,Female,1251,0.873374401,42.30253251,1,8.084873374,1985-05-06,2018-10-31
984,1972-11-01,2015-05-01,Male,677,0.873374401,42.49418207,1,12.1670089,1985-06-22,2014-11-25
985,1963-11-01,2006-05-01,Male,144,0.960985626,42.49691992,1,21.16906229,1987-07-27,2005-06-30
986,1976-11-01,NA,Female,44,1.963039014,43.16495551,0,8.167008898,1999-08-23,2019-06-12
987,1976-11-01,NA,Male,54,2.940451745,43.16495551,0,8.167008898,1996-11-12,2019-09-25
988,1972-11-01,2016-05-01,Female,89,2.058863792,43.49623546,1,12.1670089,1994-07-07,2014-07-26
989,1961-11-01,2005-05-01,Male,32,1.160848734,43.49623546,1,23.16769336,1985-06-22,2000-10-27
990,1965-11-01,2009-05-01,Female,390,0.859685147,43.49623546,1,19.16769336,1985-07-09,2008-09-15
991,1971-11-01,2015-05-01,Female,146,1.095140315,43.49623546,1,13.16906229,1985-07-09,2014-10-16
992,1975-11-01,NA,Male,378,0.93908282,44.1670089,0,9.169062286,1988-04-16,2019-12-03
993,1975-11-01,NA,Male,394,0.977412731,44.1670089,0,9.169062286,1985-05-15,2019-06-13
994,1972-11-01,2017-05-01,Female,178,1.675564682,44.49555099,1,12.1670089,1989-04-17,2015-06-20
995,1972-11-01,2017-05-01,Male,142,2.858316222,44.49555099,1,12.1670089,1989-06-26,2014-10-21
996,1972-11-01,2017-05-01,Female,92,1.859000684,44.49555099,1,12.1670089,1990-07-31,2014-07-25
997,1970-11-01,2015-05-01,Male,138,1.021218344,44.49555099,1,14.16837782,1989-07-08,2014-07-04
998,1974-11-01,NA,Male,146,2.907597536,45.16632444,0,10.16837782,1992-11-01,2016-10-07
999,1972-11-01,NA,Female,337,0.837782341,47.16495551,0,12.1670089,1990-03-30,2019-12-04
1000,1966-11-01,2014-05-01,Male,118,1.820670773,47.49623546,1,18.16837782,1990-03-24,2013-10-30
1001,1971-11-01,NA,Male,133,1.919233402,48.1670089,0,13.16906229,1990-05-24,2017-10-20
1002,1970-11-01,NA,Female,461,0.944558522,49.16632444,0,14.16837782,1985-05-23,2019-12-06
1003,1965-11-01,2017-05-01,Male,51,2.428473648,51.49623546,1,19.16769336,1990-04-29,2014-07-05